[
  {
    "Id": "628237",
    "ThreadId": "261511",
    "Html": "\r\n<p>If this requires server login/authentication, doesn't that place it firmly in the realm of a Client/Server application as opposed to a P2P system? For a true P2P system it would require distributed authentication (likely using PGP or some such), would it\r\n not?</p>\r\n",
    "PostedDate": "2011-06-15T09:56:23.953-07:00",
    "UserRole": null,
    "MarkedAsAnswerDate": null
  },
  {
    "Id": "852101",
    "ThreadId": "261511",
    "Html": "<blockquote style=\"padding-bottom: 0px; font-style: italic; margin: 0.25em 1em 0px; padding-left: 0.25em; padding-right: 0.25em; padding-top: 0px; border: #ccc 0.1em solid;\"><strong>Winterset wrote:</strong><br />\r\n<p>If this requires server login/authentication, doesn't that place it firmly in the realm of a Client/Server application as opposed to a P2P system? For a true P2P system it would require distributed authentication (likely using PGP or some such), would it not?</p>\r\n</blockquote>\r\n<p>I agree. However the main focus on the P2P SocNet is its ability to control who you connect to. The ability for what you can share or not. Any server will only act as a 'cache'. To sweeten it, you can use an asymmetrical encryption to establish the peer connectivity.</p>",
    "PostedDate": "2012-06-21T06:15:05.417-07:00",
    "UserRole": null,
    "MarkedAsAnswerDate": null
  }
]