[
  {
    "Id": "0",
    "Name": "P2P Social Networking release 1",
    "DevelopmentStatus": "Planning",
    "Description": "Just open it up, run setup, and click send message.",
    "ReleasedDatge": "0001-01-01T00:00:00",
    "ModifiedDate": "2009-12-21T19:32:33.127-08:00",
    "Files": [
      {
        "Id": "c030efbf-53f6-48de-aa09-4a3a39c55078",
        "FileName": "installer.zip",
        "Url": "./0/c030efbf-53f6-48de-aa09-4a3a39c55078",
        "Type": "Application",
        "UploadDate": "2009-12-20T17:54:15.017-08:00"
      }
    ]
  }
]