{
	"access_denied": {
		"sl": "Dostop do storitve zavrnjen.",
		"cs": "Nem\u00e1te p\u0159\u00edstup k t\u00e9to slu\u017eb\u011b.",
		"es": "No tiene acceso a este servicio",
		"nl": "U heeft geen toegang tot deze dienst",
		"zh": "\u60a8\u4e0d\u80fd\u4f7f\u7528\u672c\u670d\u52a1",
		"eu": "Ez duzu zerbitzu honetarako baimenik.",
		"de": "Sie haben keinen Zugriff auf diesen Dienst.",
		"ru": "\u0423 \u0412\u0430\u0441 \u043d\u0435\u0442 \u043f\u0440\u0430\u0432 \u0434\u043e\u0441\u0442\u0443\u043f\u0430 \u043a \u0434\u0430\u043d\u043d\u043e\u043c\u0443 \u0441\u0435\u0440\u0432\u0438\u0441\u0443",
		"zh-tw": "\u60a8\u6c92\u6709\u6b0a\u9650\u4f7f\u7528\u6b64\u670d\u52d9",
		"da": "Du har ikke adgang til denne tjeneste",
		"af": "Jy het nie toegang na die diens nie",
		"el": "\u0394\u03b5\u03bd \u03ad\u03c7\u03b5\u03c4\u03b5 \u03c0\u03c1\u03cc\u03c3\u03b2\u03b1\u03c3\u03b7 \u03c3\u03b5 \u03b1\u03c5\u03c4\u03ae \u03c4\u03b7\u03bd \u03c5\u03c0\u03b7\u03c1\u03b5\u03c3\u03af\u03b1"
	},
	"no_access_to": {
		"sl": "Dostop zavrnjen, ker je va\u0161e uporabni\u0161ko (NetID) %NETID% ime poteklo!",
		"cs": "V\u00e1\u0161 \u00fa\u010det %NETID% expiroval, p\u0159\u00edstup odm\u00edtnut!",
		"es": "Su cuenta %NETID% ha expirado, \u00a1acceso denegado!",
		"nl": "Uw account %NETID% is verlopen, toegang geweigerd!",
		"zh": "\u60a8\u7684\u5e10\u53f7 %NETID% \u5df2\u8fc7\u671f,\u8bbf\u95ee\u88ab\u62d2\u7edd!",
		"eu": "Zure %NETID% kontua iraungi da, ez duzu baimenik!",
		"de": "Ihr Konto %NETID% ist abgelaufen, Zugang verweigert!",
		"ru": "\u0421\u0440\u043e\u043a \u0434\u0435\u0439\u0441\u0442\u0432\u0438\u044f \u0412\u0430\u0448\u0435\u0439 \u0443\u0447\u0435\u0442\u043d\u043e\u0439 \u0437\u0430\u043f\u0438\u0441\u0438 %NETID% \u0437\u0430\u043a\u043e\u043d\u0447\u0435\u043d, \u0434\u043e\u0441\u0442\u0443\u043f \u0437\u0430\u043a\u0440\u044b\u0442!",
		"zh-tw": "\u60a8\u7684\u5e33\u865f %NETID% \u5df2\u904e\u671f\uff0c\u5b58\u53d6\u62d2\u7d55\uff01",
		"da": "Din konto %NETID% er udl\u00f8bet, adgang n\u00e6gtet!",
		"af": "Jou rekening %NETID% het verval, toegang verbode!",
		"el": "\u039f \u03bb\u03bf\u03b3\u03b1\u03c1\u03b9\u03b1\u03c3\u03bc\u03cc\u03c2 %NETID% u03ad\u03c7\u03b5\u03b9 \u03bb\u03ae\u03be\u03b5\u03b9 - \u03b4\u03b5\u03bd \u03b5\u03c0\u03b9\u03c4\u03c1\u03ad\u03c0\u03b5\u03c4\u03b1\u03b9 \u03b7 \u03c0\u03c1\u03cc\u03c3\u03b2\u03b1\u03c3\u03b7!"
	},
	"contact_home": {
		"sl": "Mo\u017enost dostopa do storitve ureja va\u0161a doma\u010da organizacija. Obrnite se na njihov oddelek za pomo\u010d uporabnikom.",
		"cs": "P\u0159\u00edstup ke slu\u017eb\u011b je \u0159\u00edzen Va\u0161\u00ed domovskou organizac\u00ed. Pros\u00edm, kontaktujte sv\u00e9ho lok\u00e1ln\u00edho spr\u00e1vce.",
		"es": "El acceso a los servicios est\u00e1 controlado por su instituci\u00f3n de origen. Por favor, contacte con su servicio t\u00e9cnico local si tiene alguna pregunta.",
		"nl": "Toegang tot diensten wordt verleend door uw thuisinstelling. Neemt u bij vragen contact op met uw lokale helpdesk.",
		"eu": "Zerbitzura sartzea zure jatorrizko erakundeak kontrolatzen du. Mesedez, jarri zure erabiltzaile zentzuarekin kontaktuan.",
		"de": "Der Zugriff auf Dienste wird von Ihrer Heimatorganisation geregelt. Bitte kontaktieren Sie bei Fragen ihre lokale IT Unterst\u00fctzung.",
		"ru": "\u0414\u043e\u0441\u0442\u0443\u043f \u043a \u0441\u0435\u0440\u0432\u0438\u0441\u0430\u043c \u043a\u043e\u043d\u0442\u0440\u043e\u043b\u0438\u0440\u0443\u0435\u0442\u0441\u044f \u0412\u0430\u0448\u0435\u0439 \u043e\u0440\u0433\u0430\u043d\u0438\u0437\u0430\u0446\u0438\u0435\u0439. \u041f\u043e\u0436\u0430\u043b\u0443\u0439\u0441\u0442\u0430, \u0441\u0432\u044f\u0436\u0438\u0442\u0435\u0441\u044c \u0441 \u043f\u0435\u0440\u0441\u043e\u043d\u0430\u043b\u043e\u043c IT \u043f\u043e\u0434\u0434\u0435\u0440\u0436\u043a\u0438 \u0432 \u0412\u0430\u0448\u0435\u0439 \u043e\u0440\u0433\u0430\u043d\u0438\u0437\u0430\u0446\u0438\u0438 \u0434\u043b\u044f \u0440\u0435\u0448\u0435\u043d\u0438\u044f \u0432\u043e\u0437\u043d\u0438\u043a\u0448\u0438\u0445 \u0432\u043e\u043f\u0440\u043e\u0441\u043e\u0432.",
		"zh-tw": "\u5b58\u53d6\u60a8\u7684\u7d44\u7e54\u6240\u7ba1\u7406\u4e4b\u670d\u52d9\u3002\u82e5\u6709\u554f\u984c\u8acb\u806f\u7d61\u60a8\u7576\u5730\u7684 IT \u652f\u63f4\u7a97\u53e3\u3002",
		"da": "Adgang til tjenester styres af din hjemmeinstitution. Kontakt venligst din lokale it-support for hj\u00e6lp.",
		"af": "Toegang tot dienste word beheer deur jou tuis organisasie. Kontak asseblief jou plaaslike IT ondersteuning vir navrae.",
		"el": "\u0397 \u03c0\u03c1\u03cc\u03c3\u03b2\u03b1\u03c3\u03b7 \u03c3\u03c4\u03b9\u03c2 \u03c5\u03c0\u03b7\u03c1\u03b5\u03c3\u03af\u03b5\u03c2 \u03b5\u03bb\u03ad\u03b3\u03c7\u03b5\u03c4\u03b1\u03b9 \u03b1\u03c0\u03cc \u03c4\u03bf\u03bd \u039f\u03b9\u03ba\u03b5\u03af\u03bf \u03a6\u03bf\u03c1\u03ad\u03b1. \u0393\u03b9\u03b1 \u03c0\u03b5\u03c1\u03b1\u03b9\u03c4\u03ad\u03c1\u03c9 \u03b5\u03c1\u03c9\u03c4\u03ae\u03c3\u03b5\u03b9\u03c2, \u03c0\u03b1\u03c1\u03b1\u03ba\u03b1\u03bb\u03bf\u03cd\u03bc\u03b5 \u03b1\u03c0\u03b5\u03c5\u03b8\u03c5\u03bd\u03b8\u03b5\u03af\u03c4\u03b5 \u03c3\u03c4\u03bf \u03c4\u03bf\u03c0\u03b9\u03ba\u03cc \u0393\u03c1\u03b1\u03c6\u03b5\u03af\u03bf \u0391\u03c1\u03c9\u03b3\u03ae\u03c2 \u03a7\u03c1\u03b7\u03c3\u03c4\u03ce\u03bd."
	},
	"expiry_date_text": {
		"sl": "Datum poteka:",
		"cs": "Datum expirace:",
		"es": "Fecha de expiraci\u00f3n:",
		"nl": "Verloopdatum:",
		"zh": "\u6709\u6548\u671f\u81f3\uff1a",
		"eu": "Iraungitze data:",
		"de": "Ablaufdatum:",
		"ru": "\u0414\u0430\u0442\u0430 \u043e\u043a\u043e\u043d\u0447\u0430\u043d\u0438\u044f \u0441\u0440\u043e\u043a\u0430 \u0434\u0435\u0439\u0441\u0442\u0432\u0438\u044f",
		"zh-tw": "\u5230\u671f\u65e5\uff1a",
		"da": "Udl\u00f8bsdato:",
		"af": "Verval datum:",
		"el": "\u0397\u03bc\u03b5\u03c1\u03bf\u03bc\u03b7\u03bd\u03af\u03b1 \u03bb\u03ae\u03be\u03b7\u03c2 \u03b9\u03c3\u03c7\u03cd\u03bf\u03c2:"
	},
	"warning_header": {
		"sl": "Pozor! Va\u0161e uporabni\u0161ko ime (NetID) %NETID% bo poteklo \u010dez %DAYSLEFT% %DAYS%!",
		"cs": "Pozor! V\u00e1\u0161 \u00fa\u010det %NETID% expiruje za %DAYSLEFT% %DAYS%!",
		"es": "\u00a1Atenci\u00f3n, su cuenta %NETID% expirar\u00e1 en %DAYSLEFT% %DAYS%!",
		"nl": "Waarschuwing, uw account %NETID% verloopt over %DAYSLEFT% %DAYS%!",
		"eu": "Adi, zure %NETID% kontua %DAYSLEFT% %DAYS%-etan iraungiko da!",
		"de": "Warnung, Ihr Konto %NETID% wird in %DAYSLEFT% %DAYS% ablaufen!",
		"ru": "\u041f\u0440\u0435\u0434\u0443\u043f\u0440\u0435\u0436\u0434\u0435\u043d\u0438\u0435! \u0421\u0440\u043e\u043a \u0434\u0435\u0439\u0441\u0442\u0432\u0438\u044f \u0412\u0430\u0448\u0435\u0439 \u0443\u0447\u0435\u0442\u043d\u043e\u0439 \u0437\u0430\u043f\u0438\u0441\u0438 \u0437\u0430\u0432\u0435\u0440\u0448\u0438\u0442\u0441\u044f \u0447\u0435\u0440\u0435\u0437 %DAYSLEFT% %DAYS%!",
		"zh-tw": "\u8b66\u544a\uff0c\u60a8\u7684\u5e33\u865f %NETID% \u5c07\u65bc %DAYSLEFT% %DAYS% \u5230\u671f\uff01",
		"da": "Advarsel: din konto %NETID% udl\u00f8ber om %DAYSLEFT% %DAYS%!",
		"af": "Waarskuwing, jou rekening %NETID% sal verval in %DAYSLEFT% %DAYS%!",
		"el": "\u03a0\u03c1\u03bf\u03b5\u03b9\u03b4\u03bf\u03c0\u03bf\u03af\u03b7\u03c3\u03b7: \u039f \u03bb\u03bf\u03b3\u03b1\u03c1\u03b9\u03b1\u03c3\u03bc\u03cc\u03c2 %NETID% \u03b8\u03b1 \u03bb\u03ae\u03be\u03b5\u03b9 \u03c3\u03b5 %DAYSLEFT% %DAYS%!"
	},
	"warning_header_today": {
		"sl": "Pozor! Va\u0161e uporabni\u0161ko ime (NetID) %NETID% pote\u010de danes!",
		"cs": "Pozor! V\u00e1\u0161 \u00fa\u010det %NETID% dnes expiruje!",
		"es": "\u00a1Atenci\u00f3n, su cuenta %NETID% expira hoy!",
		"nl": "Waarschuwing, uw account %NETID% verloopt vandaag!",
		"eu": "Adi, zure %NETID% kontua gaur iraungiko da!",
		"de": "Warnung, Ihr Konto %NETID% l\u00e4uft heute ab!",
		"ru": "\u041f\u0440\u0435\u0434\u0443\u043f\u0440\u0435\u0436\u0434\u0435\u043d\u0438\u0435! \u0421\u0440\u043e\u043a \u0434\u0435\u0439\u0441\u0442\u0432\u0438\u044f \u0412\u0430\u0448\u0435\u0439 \u0443\u0447\u0435\u0442\u043d\u043e\u0439 \u0437\u0430\u043f\u0438\u0441\u0438 %NETID% \u0437\u0430\u0432\u0435\u0440\u0448\u0438\u0442\u0441\u044f \u0441\u0435\u0433\u043e\u0434\u043d\u044f!",
		"zh-tw": "\u8b66\u544a\uff0c\u60a8\u7684\u5e33\u865f %NETID% \u4eca\u5929\u5230\u671f\uff01",
		"da": "Advarsel: din konto %NETID% udl\u00f8ber i dag!",
		"af": "Waarskuwing, jou rekening %NETID% verval vandag!",
		"el": "\u03a0\u03c1\u03bf\u03b5\u03b9\u03b4\u03bf\u03c0\u03bf\u03af\u03b7\u03c3\u03b7: \u039f \u03bb\u03bf\u03b3\u03b1\u03c1\u03b9\u03b1\u03c3\u03bc\u03cc\u03c2 %NETID% \u03bb\u03ae\u03b3\u03b5\u03b9 \u03c3\u03ae\u03bc\u03b5\u03c1\u03b1!"
	},
	"warning": {
		"sl": "Pozor! Va\u0161e uporabni\u0161ko ime (NetID) %NETID% bo poteklo \u010dez %DAYSLEFT% %DAYS%!",
		"cs": "Pozor! V\u00e1\u0161 \u00fa\u010det %NETID% expiruje za %DAYSLEFT% %DAYS%!",
		"es": "\u00a1Atenci\u00f3n, su cuenta %NETID% expirar\u00e1 en %DAYSLEFT% %DAYS%!",
		"nl": "Waarschuwing, uw account %NETID% verloopt over %DAYSLEFT% %DAYS%!",
		"eu": "Adi, zure %NETID% kontua %DAYSLEFT% %DAYS%-etan iraungiko da!",
		"de": "Warnung, Ihr Konto %NETID% wird in %DAYSLEFT% %DAYS% ablaufen!",
		"ru": "\u041f\u0440\u0435\u0434\u0443\u043f\u0440\u0435\u0436\u0434\u0435\u043d\u0438\u0435! \u0421\u0440\u043e\u043a \u0434\u0435\u0439\u0441\u0442\u0432\u0438\u044f \u0412\u0430\u0448\u0435\u0439 \u0443\u0447\u0435\u0442\u043d\u043e\u0439 \u0437\u0430\u043f\u0438\u0441\u0438 %NETID% \u0437\u0430\u0432\u0435\u0440\u0448\u0438\u0442\u0441\u044f \u0447\u0435\u0440\u0435\u0437 %DAYSLEFT% %DAYS%!",
		"zh-tw": "\u8b66\u544a\uff0c\u60a8\u7684\u5e33\u865f %NETID% \u5c07\u65bc %DAYSLEFT% %DAYS% \u5230\u671f\uff01",
		"da": "Advarsel: din konto %NETID% udl\u00f8ber om %DAYSLEFT% %DAYS%!",
		"af": "Waarskuwing, jou rekening %NETID% sal verval in %DAYSLEFT% %DAYS%!",
		"el": "\u03a0\u03c1\u03bf\u03b5\u03b9\u03b4\u03bf\u03c0\u03bf\u03af\u03b7\u03c3\u03b7: \u039f \u03bb\u03bf\u03b3\u03b1\u03c1\u03b9\u03b1\u03c3\u03bc\u03cc\u03c2 %NETID% \u03b8\u03b1 \u03bb\u03ae\u03be\u03b5\u03b9 \u03c3\u03b5 %DAYSLEFT% %DAYS%!"
	},
	"warning_today": {
		"sl": "Pozor! Va\u0161e uporabni\u0161ko ime (NetID) %NETID% pote\u010de danes!",
		"cs": "Pozor! V\u00e1\u0161 \u00fa\u010det %NETID% dnes expiruje!",
		"es": "\u00a1Atenci\u00f3n, su cuenta %NETID% expira hoy!",
		"nl": "Waarschuwing, uw account %NETID% verloopt vandaag!",
		"eu": "Adi, zure %NETID% kontua gaur iraungiko da!",
		"de": "Warnung, Ihr Konto %NETID% l\u00e4uft heute ab!",
		"ru": "\u041f\u0440\u0435\u0434\u0443\u043f\u0440\u0435\u0436\u0434\u0435\u043d\u0438\u0435! \u0421\u0440\u043e\u043a \u0434\u0435\u0439\u0441\u0442\u0432\u0438\u044f \u0412\u0430\u0448\u0435\u0439 \u0443\u0447\u0435\u0442\u043d\u043e\u0439 \u0437\u0430\u043f\u0438\u0441\u0438 %NETID% \u0437\u0430\u0432\u0435\u0440\u0448\u0438\u0442\u0441\u044f \u0441\u0435\u0433\u043e\u0434\u043d\u044f!",
		"zh-tw": "\u8b66\u544a\uff0c\u60a8\u7684\u5e33\u865f %NETID% \u4eca\u5929\u5230\u671f\uff01",
		"da": "Advarsel: din konto %NETID% udl\u00f8ber i dag!",
		"af": "Waarskuwing, jou rekening %NETID% verval vandag!",
		"el": "\u03a0\u03c1\u03bf\u03b5\u03b9\u03b4\u03bf\u03c0\u03bf\u03af\u03b7\u03c3\u03b7: \u039f \u03bb\u03bf\u03b3\u03b1\u03c1\u03b9\u03b1\u03c3\u03bc\u03cc\u03c2 %NETID% \u03bb\u03ae\u03b3\u03b5\u03b9 \u03c3\u03ae\u03bc\u03b5\u03c1\u03b1!"
	},
	"day": {
		"sl": "dan",
		"cs": "den",
		"es": "d\u00eda",
		"nl": "dag",
		"eu": "egun",
		"de": "Tag",
		"ru": "\u0434\u0435\u043d\u044c",
		"zh-tw": "\u65e5",
		"da": "dag",
		"af": "dag",
		"el": "\u03b7\u03bc\u03ad\u03c1\u03b1"
	},
	"days": {
		"sl": "dni",
		"cs": "dn\u00ed",
		"es": "d\u00edas",
		"nl": "dagen",
		"eu": "egun",
		"de": "Tagen",
		"ru": "\u0434\u043d\u0435\u0439",
		"zh-tw": "\u65e5",
		"da": "dage",
		"af": "dae",
		"el": "\u03b7\u03bc\u03ad\u03c1\u03b5\u03c2"
	},
	"btn_continue": {
		"sl": "Zavedam se tega, nadaljuj...",
		"cs": "Jsem si toho v\u011bdom, pokra\u010dovat...",
		"es": "Soy consciente de ello, contin\u00faa...",
		"nl": "OK, ik heb het gezien...",
		"zh": "\u6211\u5df2\u77e5\u6089\uff0c\u7ee7\u7eed...",
		"eu": "Badakit, jarraitu...",
		"de": "Ich bin mir dessen bewu\u00dft, weiter...",
		"ru": "\u042f \u0438\u043d\u0444\u043e\u0440\u043c\u0438\u0440\u043e\u0432\u0430\u043d, \u043f\u0440\u043e\u0434\u043e\u043b\u0436\u0438\u0442\u044c...",
		"zh-tw": "\u6211\u77e5\u9053\u4e86\uff0c\u7e7c\u7e8c...",
		"da": "Jeg er opm\u00e6rksom p\u00e5 dette, forts\u00e6t...",
		"af": "Ek is bewus hiervan, gaan voort...",
		"el": "\u0395\u03af\u03bc\u03b1\u03b9 \u03b5\u03bd\u03ae\u03bc\u03b5\u03c1\u03bf\u03c2 - \u03c3\u03c5\u03bd\u03ad\u03c7\u03b5\u03b9\u03b1"
	}
}
