[
  {
    "Id": "933903",
    "ThreadId": "401148",
    "Html": "\r\n<p>Hi, I want to organize this project into layer, like DB layer, Business Layer and UI layer.</p>\r\n<p>I want to adopt n-tier architecture for this, like i want to expose data base layer using WCF data service. and same for Business layer,</p>\r\n<p>If you are interested doing some development in this project, you are welcome, It will help all of us to improve our skills and knowledge.</p>\r\n",
    "PostedDate": "2012-10-29T10:40:46.713-07:00",
    "UserRole": null,
    "MarkedAsAnswerDate": null
  },
  {
    "Id": "989613",
    "ThreadId": "401148",
    "Html": "\r\n<p>Can you send me the documentation of the project because i don't understand how your code is structured it's hard figuring things out.\r\n<a href=\"mailto:chuksgerrard@yahoo.com\">chuksgerrard@yahoo.com</a></p>\r\n",
    "PostedDate": "2013-01-21T02:50:17.047-08:00",
    "UserRole": null,
    "MarkedAsAnswerDate": null
  },
  {
    "Id": "991059",
    "ThreadId": "401148",
    "Html": "\r\n<p>I made this in Asp.net web form. You are right its very difficult to understand this. But you can just go through the Script in\r\n<strong>Script\\Home</strong> folder</p>\r\n<p>Note: Every where you will find that things are being done using Ajax and jQuery I am loading the pages using ajax and replacing the previous page's html, to keep the top and bottom design consistent. User can do simultaneously do different work like chatting\r\n with multiple friends while loading different pages.</p>\r\n<p>Asp.net webform return the complete page and with html and body then form tag, but i do not need them, because they are useless if you are adding only particular portion in your page, lets say, message page. I only need the message to display in my home\r\n page without loading complete page in browser, what i am doing then i am sending ajax request to messages.aspx page and returning the html from the server and then i am replacing the particular section in already loaded page. So thing making the site complete\r\n Ajax based.</p>\r\n<p>You can go through the below script for more details.</p>\r\n<p>One more thing i am doing more of the request handling on server using <strong>\r\nOnlineUserHandler.asmx</strong> web service.</p>\r\n<ol>\r\n<li>&#65279;friends.js </li></ol>\r\n<p>&nbsp;&nbsp;&nbsp;&nbsp;&nbsp;&nbsp;&nbsp;&nbsp;&nbsp;&nbsp;&nbsp;&nbsp;&nbsp; This Script deals with searching friends and sending and approving friends request.</p>\r\n<ol>\r\n<li>Messages.js </li></ol>\r\n<p>&nbsp;&nbsp;&nbsp;&nbsp;&nbsp;&nbsp;&nbsp;&nbsp;&nbsp;&nbsp;&nbsp;&nbsp;&nbsp; This Script deals with retrieving messages send by friends, or deleting them</p>\r\n<ol>\r\n<li>MultiChat.js </li></ol>\r\n<p>&nbsp;&nbsp;&nbsp;&nbsp;&nbsp;&nbsp;&nbsp;&nbsp;&nbsp;&nbsp;&nbsp;&nbsp; This one is the main script, this initialize everything, and contain lots of functionality.</p>\r\n<ol>\r\n<li>Post.js </li></ol>\r\n<p>&nbsp;&nbsp;&nbsp;&nbsp;&nbsp;&nbsp;&nbsp;&nbsp;&nbsp;&nbsp;&nbsp;&nbsp; This Script deals with posting on the wall and retrieving the post from the server.</p>\r\n<ol>\r\n<li>Gallary.js </li></ol>\r\n<p>&nbsp; &nbsp; &nbsp; &nbsp; &nbsp;&nbsp; This Script deals with managing the user gallary.</p>\r\n<p>&nbsp;</p>\r\n<p>Please let me know if wants more clarification in this project.</p>\r\n",
    "PostedDate": "2013-01-23T08:30:50.957-08:00",
    "UserRole": null,
    "MarkedAsAnswerDate": null
  },
  {
    "Id": "1255921",
    "ThreadId": "401148",
    "Html": "Hi I cant access the MDF file could you give me the DB stored procedures and the tables code <br />\n",
    "PostedDate": "2014-06-13T02:23:13.783-07:00",
    "UserRole": null,
    "MarkedAsAnswerDate": null
  }
]