[
  {
    "Id": "0",
    "Name": "ChatME V0.1",
    "DevelopmentStatus": "Beta",
    "Description": "*Release Notes*\nThis First version V0.1 of ChatME application contain message posting on home screen. This message will also post on your friend screen. Chat box implementation to chat one to one to your friend.\n\n*Features List*\n# Message Posting to friends\n# Send photo with message\n# search friend and send them request.\n# Basic Gallery Management with option to Manage image in Categories.\n# Directly post the image from Gallery to home screen\n# View users profile \n# Timer implementation to alert you when you want to be.\n\n*Required Software*\n# Microsoft visual studio 4.0\n# SQL Server 2008",
    "ReleasedDatge": "0001-01-01T00:00:00",
    "ModifiedDate": "2012-07-24T10:29:03.443-07:00",
    "Files": [
      {
        "Id": "e5ff96ff-1750-4419-9979-3269e36f1c78",
        "FileName": "ChatME.zip",
        "Url": "./0/e5ff96ff-1750-4419-9979-3269e36f1c78",
        "Type": "Source Code",
        "UploadDate": "2012-07-24T10:22:44.643-07:00"
      },
      {
        "Id": "ee370812-5f8c-432e-b147-d98b95205bb7",
        "FileName": "ChatME.zip",
        "Url": "./0/ee370812-5f8c-432e-b147-d98b95205bb7",
        "Type": "Source Code",
        "UploadDate": "2012-07-24T10:29:02.757-07:00"
      }
    ]
  }
]