[
  {
    "Id": "594175",
    "ThreadId": "253107",
    "Html": "\r\n<p>Hi!</p>\r\n<p>First of all thank you for this great tool! You have combined the most useful social media tool within the ribbon.</p>\r\n<p>Due to the fact that we have a german speaking audience we have to translate the ribbon. Where do we have to do this, directly within the elements.xml in the Feature1?</p>\r\n<p>Thank you for your answer!</p>\r\n<p>bye</p>\r\n",
    "PostedDate": "2011-04-08T07:17:08.89-07:00",
    "UserRole": null,
    "MarkedAsAnswerDate": null
  },
  {
    "Id": "594503",
    "ThreadId": "253107",
    "Html": "<p>Hey,</p>\r\n<p>First of all thanks :) Glad you like it!</p>\r\n<p>As for the language, just change the LabelText and Description attributes of the elements.xml file of SocialNetworkingTab and deploy the solution again.</p>\r\n<p>Cheers,</p>\r\n<p>Johnny.</p>",
    "PostedDate": "2011-04-08T23:39:59.9-07:00",
    "UserRole": null,
    "MarkedAsAnswerDate": null
  },
  {
    "Id": "595259",
    "ThreadId": "253107",
    "Html": "<p>ok, thank you.</p>\r\n<p>So I will change it that way!</p>\r\n<p>bye, marvin</p>",
    "PostedDate": "2011-04-11T05:33:05.667-07:00",
    "UserRole": null,
    "MarkedAsAnswerDate": null
  }
]