[
  {
    "Id": "628587",
    "ThreadId": "261600",
    "Html": "\r\n<p>Hello!</p>\r\n<p>I have upgraded to the latest version of your solution, but wasnot able to find the twitter webpart.</p>\r\n<p>I have also checked if it was deployed (template/features/SPSCfeature2/TwitterTrendsWebpart) - and yes it was. Where do I find the webpart in the within the newwebpart-process?</p>\r\n<p>thank you!</p>\r\n",
    "PostedDate": "2011-06-16T02:50:07.587-07:00",
    "UserRole": null,
    "MarkedAsAnswerDate": null
  },
  {
    "Id": "636433",
    "ThreadId": "261600",
    "Html": "<p>Hey Marvin,</p>\r\n<p>Have you activated the feature for the twitter trends web part?</p>\r\n<p>Johnny.</p>",
    "PostedDate": "2011-07-02T09:00:07.827-07:00",
    "UserRole": null,
    "MarkedAsAnswerDate": null
  },
  {
    "Id": "638709",
    "ThreadId": "261600",
    "Html": "<p>Hi Johnny,</p>\r\n<p>I do not have such a feature within the collection and website features....&nbsp;</p>\r\n<p>bye</p>",
    "PostedDate": "2011-07-07T06:02:29.92-07:00",
    "UserRole": null,
    "MarkedAsAnswerDate": null
  }
]