{
  "WorkItem": {
    "AffectedComponent": {
      "Name": "",
      "DisplayName": ""
    },
    "ClosedComment": "",
    "ClosedDate": null,
    "CommentCount": 0,
    "Custom": null,
    "Description": "Change the source to make the tab appear on all pages of the web and not just in list forms. Will require a custom user control added on the masterpage to enable the tab.",
    "LastUpdatedDate": "2013-06-14T00:43:40.61-07:00",
    "PlannedForRelease": "",
    "ReleaseVisibleToPublic": false,
    "Priority": {
      "Name": "Low",
      "Severity": 50,
      "Id": 1
    },
    "ProjectName": "SocialSharePoint",
    "ReportedDate": "2011-01-25T12:54:56.443-08:00",
    "Status": {
      "Name": "Resolved",
      "Id": 7
    },
    "ReasonClosed": {
      "Name": "Unassigned"
    },
    "Summary": "Make the tab a site level tab instead of list level",
    "Type": {
      "Name": "Issue",
      "Id": 3
    },
    "VoteCount": 1,
    "Id": 6152
  },
  "FileAttachments": [],
  "Comments": []
}