[
  {
    "Id": "0",
    "Name": "SharePointSocialNetworking-v1.02",
    "DevelopmentStatus": "Stable",
    "Description": "Deploy with STSADM or PowerShell. \nPlease read the documentation in order to make the tab site level after installing.",
    "ReleasedDatge": "0001-01-01T00:00:00",
    "ModifiedDate": "2011-04-21T04:18:01.467-07:00",
    "Files": [
      {
        "Id": "79c3dd84-c2f9-4a7e-983f-9f5b016635ae",
        "FileName": "SharePointSocialNetworking.wsp",
        "Url": "./0/79c3dd84-c2f9-4a7e-983f-9f5b016635ae",
        "Type": "Application",
        "UploadDate": "2011-04-21T04:17:48.57-07:00"
      },
      {
        "Id": "0f878306-6519-4045-9d93-4a9f90136d9b",
        "FileName": "SharePointSocialNetworking-Source.rar",
        "Url": "./0/0f878306-6519-4045-9d93-4a9f90136d9b",
        "Type": "Source Code",
        "UploadDate": "2011-04-21T04:17:48.617-07:00"
      }
    ]
  }
]