{
	"certificate_header": {
		"fr": "Authentification par certificat X509",
		"sl": "Avtentikacija z X509 digitalnim potrdilom",
		"sv": "Inloggning med X509-certifikat",
		"lt": "X509 sertifikato autentikacija",
		"it": "Autenticazione con certificato X509",
		"no": "X509 sertifikatautentisering",
		"es": "Autenticaci\u00f3n mediante certificado X509",
		"hu": "X509 tan\u00fas\u00edtv\u00e1nyalap\u00fa azonos\u00edt\u00e1s",
		"ja": "X509\u8a3c\u660e\u66f8\u8a8d\u8a3c",
		"nl": "Authenticatie via X509-certificaat",
		"da": "X509 certifikat authentifikation",
		"de": "Authentifizierung mit X.509 Zertifikat",
		"hr": "Autentifikacija uporabom X509 digitalnog certifikata",
		"zh-tw": "X509 \u6191\u8b49\u9a57\u8b49",
		"nn": "X509 sertifikatautentisering",
		"et": "X509 sertifikaadiga autentimine",
		"he": "\u05d0\u05d9\u05de\u05d5\u05ea \u05ea\u05e2\u05d5\u05d3\u05ea X509 ",
		"ru": "\u0421\u0435\u0440\u0442\u0438\u0444\u0438\u043a\u0430\u0442 \u043f\u043e\u0434\u043b\u0438\u043d\u043d\u043e\u0441\u0442\u0438 X509",
		"zh": "X509\u786e\u8ba4\u8ba4\u8bc1",
		"ar": "\u062a\u0635\u062f\u064a\u0642 \u0634\u0647\u0627\u062f\u0629 X509",
		"lv": "x509 sertifik\u0101ta autentifik\u0101cija",
		"id": "Autentifikasi certificate X509",
		"sr": "Autentifikacija upotrebom X509 digitalnog sertifikata",
		"ro": "Autentificare cu certificat X509",
		"cs": "Autentizace certifik\u00e1tem X509",
		"eu": "Kautotzea X509 ziurtagiri bidez",
		"af": "X509 sertifikaat verifikasie",
		"el": "\u03a4\u03b1\u03c5\u03c4\u03bf\u03c0\u03bf\u03af\u03b7\u03c3\u03b7 \u03bc\u03ad\u03c3\u03c9 \u03c0\u03b9\u03c3\u03c4\u03bf\u03c0\u03bf\u03b9\u03b7\u03c4\u03b9\u03ba\u03bf\u03cd X.509"
	},
	"certificate_text": {
		"fr": "Un certificat X509 est requis pour acc\u00e9der \u00e0 ce service.",
		"sl": "Avtentikacija z X509 digitalnim potrdilom je zahtevana za dostop do izbrane storitve.",
		"sv": "Inloggning med X509-certifikat kr\u00e4vs f\u00f6r att f\u00e5 tillg\u00e5ng till denna tj\u00e4nst.",
		"lt": "X509 sertifikato autentikacija yra reikalinga norint pasiekti \u0161i\u0105 paslaug\u0105.",
		"it": "Una autenticazione con certificato X509 \u00e8 richiesta per accedere a questo servizio.",
		"no": "X509 sertifikatautentisering er p\u00e5krevd for \u00e5 aksessere denne tjenesten.",
		"es": "Se requiere autenticaci\u00f3n mediante certificado X509 para acceder a este servicio",
		"hu": "Az al\u00e1bbi oldalhoz X509 tan\u00fas\u00edtv\u00e1nyalap\u00fa azonos\u00edt\u00e1s ut\u00e1n kaphat hozz\u00e1f\u00e9r\u00e9st",
		"ja": "\u3053\u306e\u30b5\u30fc\u30d3\u30b9\u306b\u30a2\u30af\u30bb\u30b9\u3059\u308b\u306b\u306fX509\u8a3c\u660e\u66f8\u8a8d\u8a3c\u3092\u884c\u3046\u5fc5\u8981\u304c\u3042\u308a\u307e\u3059\u3002",
		"nl": "Authenticatie via een X509-certificaat is noodzakelijk voor toegang tot deze dienst.",
		"da": "X509 certifikat-authentifikation er p\u00e5kr\u00e6vet til denne service.",
		"de": "Das gew\u00fcnschte Service ist nur nach Authentifizierung mit einem X.509 Zertifikat nutzbar.",
		"hr": "Za pristup ovom servisu potreban je X509 certifikat.",
		"zh-tw": "\u9019\u500b\u670d\u52d9\u5fc5\u9808\u4ee5 X509 \u6191\u8b49\u9032\u884c\u9a57\u8b49",
		"nn": "X509 sertifikatautentisering er p\u00e5krevd for tilgang til denne tenesta.",
		"et": "Sellele teenusele ligip\u00e4\u00e4suks on vajalik X509 sertifikaadiga autentimine.",
		"he": "\u05e0\u05d3\u05e8\u05e9 \u05d0\u05d9\u05de\u05d5\u05ea \u05ea\u05e2\u05d5\u05d3\u05ea X509  \u05e2\u05dc \u05de\u05e0\u05ea \u05dc\u05d2\u05e9\u05ea \u05dc\u05e9\u05d9\u05e8\u05d5\u05ea \u05d6\u05d4.",
		"ru": "\u0421\u0435\u0440\u0442\u0438\u0444\u0438\u043a\u0430\u0442\u0443 \u043f\u043e\u0434\u043b\u0438\u043d\u043d\u043e\u0441\u0442\u0438 X509 \u0442\u0440\u0435\u0431\u0443\u0435\u0442\u0441\u044f \u0434\u043e\u0441\u0442\u0443\u043f \u043a \u0441\u043b\u0443\u0436\u0431\u0435.",
		"zh": "X509\u786e\u8ba4\u8ba4\u8bc1\u8981\u6c42\u8bbf\u95ee\u8be5\u670d\u52a1",
		"ar": "\u062a\u0635\u062f\u064a\u0642 \u0634\u0647\u0627\u062f\u0629 (X509) \u0636\u0631\u0648\u0631\u064a \u0644\u062f\u062e\u0648\u0644 \u0647\u0630\u0647 \u0627\u0644\u062e\u062f\u0645\u0629",
		"lv": "x509 sertifik\u0101ta autentifik\u0101cija ir nepiecie\u0161ama, lai piek\u013c\u016btu \u0161im servisam",
		"id": "Autentifikasi certificate X509 diperlukan untuk mengakses layanan ini.",
		"sr": "Za pristup ovom servisu potrebno je da se autentifikujete upotrebom X509 sertifikata.",
		"ro": "Pentru accesarea acestui serviciu este necesar\u0103 autentificarea cu certificat X509.",
		"cs": "Pro p\u0159\u00edstup k t\u00e9to slu\u017eb\u011b je vy\u017eadov\u00e1n X509 certifik\u00e1t.",
		"eu": "X509 ziurtagiriaren bidezko kautotzea beharrezkoa da zerbitzu honetan sartzeko",
		"af": "X509 sertifikaat verifikasie word vereis vir toegang tot di\u00e9 diens. ",
		"el": "\u0397 \u03c0\u03c1\u03cc\u03c3\u03b2\u03b1\u03c3\u03b7 \u03c3\u03c4\u03b7\u03bd \u03c5\u03c0\u03b7\u03c1\u03b5\u03c3\u03af\u03b1 \u03b1\u03c0\u03b1\u03b9\u03c4\u03b5\u03af \u03c4\u03b1\u03c5\u03c4\u03bf\u03c0\u03bf\u03af\u03b7\u03c3\u03b7 \u03bc\u03ad\u03c3\u03c9 \u03c0\u03b9\u03c3\u03c4\u03bf\u03c0\u03bf\u03b9\u03b7\u03c4\u03b9\u03ba\u03bf\u03cd X.509"
	}
}
