<?xml version="1.0" encoding="utf-8" ?>
<SampleMetadata>
	<ID>e5ea2b78-f299-11e4-a3fd-a8206629811d</ID>
	<IsFullApplication>false</IsFullApplication>
	<Level>Beginning</Level>
	<Tags>User Interface, Getting Started</Tags>
	<SupportedPlatforms>iOS</SupportedPlatforms>
	<Gallery>true</Gallery>
	<MinimumLicenseRequirement>Starter</MinimumLicenseRequirement>
	<Brief>This project shows one way of implementing a bubble-chat rendering similar to the iPhone Messages application</Brief>
</SampleMetadata>
