﻿<?xml version="1.0" encoding="utf-8"?>
<doc>
  <assembly>
    <name>WebMatrix.Data</name>
  </assembly>
  <members>
    <member name="T:WebMatrix.Data.ConnectionEventArgs">
      <summary>Fournit des données pour l'événement <see cref="E:WebMatrix.Data.Database.ConnectionOpened" /> de la classe <see cref="T:WebMatrix.Data.Database" />.</summary>
    </member>
    <member name="M:WebMatrix.Data.ConnectionEventArgs.#ctor(System.Data.Common.DbConnection)">
      <summary>Initialise une nouvelle instance de la classe <see cref="T:WebMatrix.Data.ConnectionEventArgs" />.</summary>
      <param name="connection">Connexion associée à l'événement.</param>
    </member>
    <member name="P:WebMatrix.Data.ConnectionEventArgs.Connection">
      <summary>Obtient la connexion associée à l'événement.</summary>
      <returns>Connexion qui a été ouverte.</returns>
    </member>
    <member name="T:WebMatrix.Data.Database">
      <summary>Fournit les méthodes et propriétés qui permettent d'accéder aux données stockées dans une base de données et de les gérer.</summary>
    </member>
    <member name="M:WebMatrix.Data.Database.Close">
      <summary>Ferme une base de données ouverte.</summary>
    </member>
    <member name="P:WebMatrix.Data.Database.Connection">
      <summary>Obtient la connexion actuelle à une base de données.</summary>
      <returns>Connexion.</returns>
    </member>
    <member name="E:WebMatrix.Data.Database.ConnectionOpened">
      <summary>Se produit lorsqu'une connexion de base de données est ouverte par une instance de <see cref="T:WebMatrix.Data.Database" />.</summary>
    </member>
    <member name="M:WebMatrix.Data.Database.Dispose">
      <summary>Libère toutes les ressources utilisées par une instance <see cref="T:WebMatrix.Data.Database" />.</summary>
    </member>
    <member name="M:WebMatrix.Data.Database.Dispose(System.Boolean)">
      <summary>Libère les ressources non managées utilisées par une instance <see cref="T:WebMatrix.Data.Database" /> et libère éventuellement les ressources managées.</summary>
      <param name="disposing">true pour libérer à la fois les ressources managées et non managées ; false pour ne libérer que les ressources non managées.</param>
    </member>
    <member name="M:WebMatrix.Data.Database.Execute(System.String,System.Object[])">
      <summary>Exécute une instruction SQL qui ne concerne pas une requête.</summary>
      <returns>Nombre d'enregistrements concernés par l'instruction SQL.</returns>
      <param name="commandText">Instruction SQL à exécuter.</param>
      <param name="args">(Facultatif) Paramètres à passer à l'instruction SQL.</param>
      <exception cref="T:System.ArgumentException">
        <paramref name="commandText" /> a la valeur null ou est vide.</exception>
    </member>
    <member name="M:WebMatrix.Data.Database.GetLastInsertId">
      <summary>Retourne la colonne d'identité de la ligne la plus récemment insérée.</summary>
      <returns>ID de la ligne la plus récemment insérée.</returns>
    </member>
    <member name="M:WebMatrix.Data.Database.Open(System.String)">
      <summary>Ouvre une connexion vers une base de données à l'aide du nom de fichier spécifié ou de la chaîne de connexion nommée.</summary>
      <returns>Instance de base de données.</returns>
      <param name="name">Nom associé à la base de données à ouvrir. <paramref name="name" /> peut spécifier un fichier de base de données .sdf ou .mdf situé dans le dossier App_Data. (Ne pas inclure l'extension de nom de fichier.) <paramref name="name" /> peut également spécifier le nom d'une chaîne de connexion dans le fichier Web.config.</param>
    </member>
    <member name="M:WebMatrix.Data.Database.OpenConnectionString(System.String)">
      <summary>Ouvre une connexion à une base de données à l'aide de la chaîne de connexion spécifiée.</summary>
      <returns>Instance de base de données.</returns>
      <param name="connectionString">Chaîne de connexion contenant les informations de connexion à une base de données.</param>
      <exception cref="T:System.ArgumentException">
        <paramref name="connectionString" /> a la valeur null ou est vide.</exception>
    </member>
    <member name="M:WebMatrix.Data.Database.OpenConnectionString(System.String,System.String)">
      <summary>Ouvre une connexion à une base de données à l'aide de la chaîne de connexion et du fournisseur spécifié.</summary>
      <returns>Instance de base de données.</returns>
      <param name="connectionString">Chaîne de connexion contenant les informations de connexion à une base de données.</param>
      <param name="providerName">(Facultatif) Nom du fournisseur de données .NET Framework à utiliser pour se connecter à la source de données.</param>
      <exception cref="T:System.ArgumentException">
        <paramref name="connectionString" /> a la valeur null ou est vide.</exception>
    </member>
    <member name="M:WebMatrix.Data.Database.Query(System.String,System.Object[])">
      <summary>Exécute une requête SQL qui retourne la liste des lignes en tant que résultat.</summary>
      <returns>Lignes retournées par la requête SQL.</returns>
      <param name="commandText">Requête SQL à exécuter.</param>
      <param name="parameters">(Facultatif) Paramètres à passer à la requête SQL.</param>
    </member>
    <member name="M:WebMatrix.Data.Database.QuerySingle(System.String,System.Object[])">
      <summary>Exécute une requête SQL qui retourne une seule ligne en tant que résultat.</summary>
      <returns>Ligne unique retournée par la requête SQL.</returns>
      <param name="commandText">Requête SQL à exécuter.</param>
      <param name="args">(Facultatif) Paramètres à passer à la requête SQL.</param>
    </member>
    <member name="M:WebMatrix.Data.Database.QueryValue(System.String,System.Object[])">
      <summary>Exécute une requête SQL qui retourne une seule valeur scalaire en tant que résultat.</summary>
      <returns>Valeur scalaire retournée par la requête SQL.</returns>
      <param name="commandText">Requête SQL à exécuter.</param>
      <param name="args">(Facultatif) Paramètres à passer à la requête SQL.</param>
    </member>
    <member name="T:WebMatrix.Data.DynamicRecord">
      <summary>Représente un enregistrement de données à l'aide d'un descripteur de type personnalisé et des fonctionnalités du DLR (Dynamic Language Runtime).</summary>
    </member>
    <member name="P:WebMatrix.Data.DynamicRecord.Columns">
      <summary>Retourne une liste contenant le nom de chaque colonne de l'instance <see cref="T:WebMatrix.Data.DynamicRecord" />.</summary>
      <returns>Liste contenant le nom de chaque colonne.</returns>
    </member>
    <member name="M:WebMatrix.Data.DynamicRecord.GetDynamicMemberNames">
      <summary>Retourne une liste contenant le nom de tous les membres dynamiques de l'instance <see cref="T:WebMatrix.Data.DynamicRecord" />.</summary>
      <returns>Liste contenant le nom de chaque membre dynamique.</returns>
    </member>
    <member name="P:WebMatrix.Data.DynamicRecord.Item(System.Int32)">
      <summary>Retourne la valeur d'une colonne dans l'instance <see cref="T:WebMatrix.Data.DynamicRecord" /> à l'aide de l'index spécifié.</summary>
      <returns>Valeur de la colonne spécifiée.</returns>
      <param name="index">Index de base zéro de la colonne contenant la valeur à retourner.</param>
    </member>
    <member name="P:WebMatrix.Data.DynamicRecord.Item(System.String)">
      <summary>Retourne la valeur d'une colonne dans l'instance <see cref="T:WebMatrix.Data.DynamicRecord" /> à l'aide du nom spécifié.</summary>
      <returns>Valeur de la colonne spécifiée.</returns>
      <param name="name">Nom de la colonne contenant la valeur à retourner. La correspondance de noms ne respecte pas la casse.</param>
      <exception cref="T:System.InvalidOperationException">L'instance <see cref="T:WebMatrix.Data.DynamicRecord" /> ne contient pas de colonne dont le nom correspond (sans respect de la casse) au nom spécifié.</exception>
    </member>
    <member name="M:WebMatrix.Data.DynamicRecord.System#ComponentModel#ICustomTypeDescriptor#GetAttributes">
      <summary>Retourne une liste d'attributs personnalisés pour cette instance d'un composant.</summary>
      <returns>
        <see cref="P:System.ComponentModel.AttributeCollection.Empty" /> dans tous les cas.</returns>
    </member>
    <member name="M:WebMatrix.Data.DynamicRecord.System#ComponentModel#ICustomTypeDescriptor#GetClassName">
      <summary>Retourne le nom de classe de cette instance d'un composant.</summary>
      <returns>null dans tous les cas.</returns>
    </member>
    <member name="M:WebMatrix.Data.DynamicRecord.System#ComponentModel#ICustomTypeDescriptor#GetComponentName">
      <summary>Retourne le nom de cette instance d'un composant.</summary>
      <returns>null dans tous les cas.</returns>
    </member>
    <member name="M:WebMatrix.Data.DynamicRecord.System#ComponentModel#ICustomTypeDescriptor#GetConverter">
      <summary>Retourne le convertisseur de type de cette instance d'un composant.</summary>
      <returns>null dans tous les cas.</returns>
    </member>
    <member name="M:WebMatrix.Data.DynamicRecord.System#ComponentModel#ICustomTypeDescriptor#GetDefaultEvent">
      <summary>Retourne l'événement par défaut de cette instance d'un composant.</summary>
      <returns>null dans tous les cas.</returns>
    </member>
    <member name="M:WebMatrix.Data.DynamicRecord.System#ComponentModel#ICustomTypeDescriptor#GetDefaultProperty">
      <summary>Retourne la propriété par défaut de cette instance d'un composant.</summary>
      <returns>null dans tous les cas.</returns>
    </member>
    <member name="M:WebMatrix.Data.DynamicRecord.System#ComponentModel#ICustomTypeDescriptor#GetEditor(System.Type)">
      <summary>Retourne un éditeur du type spécifié pour cette instance d'un composant.</summary>
      <returns>null dans tous les cas.</returns>
      <param name="editorBaseType">Éditeur de cet objet. La valeur de ce paramètre est ignorée par cette implémentation et n'a aucune incidence sur le résultat de cette méthode.</param>
    </member>
    <member name="M:WebMatrix.Data.DynamicRecord.System#ComponentModel#ICustomTypeDescriptor#GetEvents">
      <summary>Retourne les événements de cette instance d'un composant.</summary>
      <returns>
        <see cref="P:System.ComponentModel.EventDescriptorCollection.Empty" /> dans tous les cas.</returns>
    </member>
    <member name="M:WebMatrix.Data.DynamicRecord.System#ComponentModel#ICustomTypeDescriptor#GetEvents(System.Attribute[])">
      <summary>Retourne les événements de cette instance d'un composant à l'aide du filtre spécifié.</summary>
      <returns>
        <see cref="P:System.ComponentModel.EventDescriptorCollection.Empty" /> dans tous les cas.</returns>
      <param name="attributes">Tableau utilisé en tant que filtre. La valeur de ce paramètre est ignorée par cette implémentation et n'a aucune incidence sur le résultat de cette méthode.</param>
    </member>
    <member name="M:WebMatrix.Data.DynamicRecord.System#ComponentModel#ICustomTypeDescriptor#GetProperties">
      <summary>Retourne les propriétés de cette instance d'un composant.</summary>
      <returns>Collection qui représente les propriétés de cette instance de composant.</returns>
    </member>
    <member name="M:WebMatrix.Data.DynamicRecord.System#ComponentModel#ICustomTypeDescriptor#GetProperties(System.Attribute[])">
      <summary>Retourne les propriétés de cette instance d'un composant à l'aide du filtre spécifié.</summary>
      <returns>Collection qui représente les propriétés de cette instance de composant.</returns>
      <param name="attributes">Tableau utilisé en tant que filtre. La valeur de ce paramètre est ignorée par cette implémentation et n'a aucune incidence sur le résultat de cette méthode.</param>
    </member>
    <member name="M:WebMatrix.Data.DynamicRecord.System#ComponentModel#ICustomTypeDescriptor#GetPropertyOwner(System.ComponentModel.PropertyDescriptor)">
      <summary>Retourne l'objet contenant la propriété spécifiée.</summary>
      <returns>Cette instance <see cref="T:WebMatrix.Data.DynamicRecord" />.</returns>
      <param name="pd">Propriété pour laquelle obtenir le propriétaire.</param>
    </member>
    <member name="M:WebMatrix.Data.DynamicRecord.TryGetMember(System.Dynamic.GetMemberBinder,System.Object@)">
      <summary>Obtient la valeur d'un membre <see cref="T:WebMatrix.Data.DynamicRecord" /> à l'aide du nom spécifié.</summary>
      <returns>true dans tous les cas.</returns>
      <param name="binder">Fournit des informations sur l'opération get.</param>
      <param name="result">Lorsque cette méthode est retournée, contient la valeur du membre, qui peut être null. Ce paramètre est passé sans être initialisé.</param>
      <exception cref="T:System.InvalidOperationException">L'instance <see cref="T:WebMatrix.Data.DynamicRecord" /> ne contient pas de membre dont le nom correspond (sans respect de la casse) au nom spécifié par le paramètre <paramref name="binder" />.</exception>
    </member>
  </members>
</doc>