{
	"header": {
		"hu": "Elutas\u00edtott azonos\u00edt\u00e1si m\u00f3d",
		"sv": "Felaktig autentiseringsteknik",
		"nn": "Feil innloggingsmetode",
		"da": "Forkert authentication context",
		"fr": "Contexte d'authentification \u00e9rron\u00e9",
		"et": "Vale autentimiskontekst",
		"lt": "Neteisingas autentifikacijos kontekstas",
		"sr": "Pogre\u0161an kontekst za autentifikaciju",
		"it": "Contesto di autenticazione errato",
		"nl": "Verkeerde authenticatiecontext",
		"es": "Contexto de autenticaci\u00f3n incorrecto",
		"ro": "Context de autentificare gre\u0219it",
		"ar": "\u0637\u0631\u064a\u0642\u0629 \u0627\u0644\u062a\u062d\u0642\u0642 \u0627\u0644\u0645\u0633\u062a\u062e\u062f\u0645\u0629 \u063a\u064a\u0631 \u0635\u062d\u064a\u062d\u0629",
		"ru": "\u041d\u0435\u043f\u0440\u0430\u0432\u0438\u043b\u044c\u043d\u044b\u0439 \u043a\u043e\u043d\u0442\u0435\u043a\u0441\u0442 \u0430\u0443\u0442\u0435\u043d\u0442\u0438\u0444\u0438\u043a\u0430\u0446\u0438\u0438",
		"cs": "\u0160patn\u00fd autentiza\u010dn\u00ed kontext",
		"hr": "Neispravan autentikacijski kontekst",
		"zh": "\u9519\u8bef\u7684\u9a8c\u8bc1\u4e0a\u4e0b\u6587",
		"eu": "Kautotze testu inguru okerra",
		"de": "Falscher Authentifizierungskontext",
		"id": "Konteks otentikasi keliru",
		"zh-tw": "\u932f\u8aa4\u7684\u9a57\u8b49\u5167\u5bb9",
		"af": "Verkeerde verifikasie konteks",
		"el": "\u0395\u03c3\u03c6\u03b1\u03bb\u03bc\u03ad\u03bd\u03b7 \u03bc\u03ad\u03b8\u03bf\u03b4\u03bf\u03c2 \u03c4\u03b1\u03c5\u03c4\u03bf\u03c0\u03bf\u03af\u03b7\u03c3\u03b7\u03c2"
	},
	"description": {
		"hu": "A m\u00f3d, ahogyan azonos\u00edtott t\u00e9ged a szem\u00e9lyazonoss\u00e1g szolg\u00e1ltat\u00f3d, nem elfogadott enn\u00e9l a szolg\u00e1ltat\u00e1sn\u00e1l. Val\u00f3sz\u00edn\u0171leg t\u00fal gyenge, vagy nem k\u00e9tfaktoros.",
		"sv": "Din autentiseringsteknik \u00e4r inte godk\u00e4nd av denna tj\u00e4nst, troligen \u00e4r den f\u00f6r svag eller \u00e4r inte en tv\u00e5-faktorsteknik.",
		"nn": "Du pr\u00f8ver \u00e5 logga inn med ein innloggingsmetode som ikkje er st\u00f8tta i tenesta. Truleg er autentiseringsniv\u00e5iet for l\u00e5gt, eller tenesta krav tofaktor-innlogging.",
		"da": "Din authentication context er ikke accepteret at denne tjeneste. Formentlig for svag eller manglende 2-faktor login.",
		"fr": "Votre contexte d'authentification n'est pas accept\u00e9 pour ce service. Probablement trop faible ou pas forte.",
		"et": "See teenus ei aktsepteeri sinu autentimiskonteksti. T\u00f5en\u00e4oliselt on see liiga n\u00f5rk v\u00f5i pole kaheastmeline.",
		"lt": "J\u016bs\u0173 autentikacijos kontekstas \u0161ioje paslaugoje nepriimamas. Grei\u010diausiai jis yra per silpnas arba ne dviej\u0173 faktori\u0173.",
		"sr": "Va\u0161 kontekst za autentifikaciju nije podr\u017ean od strane ovog servisa. Verovatno je previ\u0161e slab, ili nije autentifikacija sa dva faktora.",
		"it": "Il tuo contesto di autenticazione non \u00e8 accettato da questo servizio. Probabilmente troppo debole o non a due fattori.",
		"nl": "Uw authenticatiecontext wordt niet geaccepteerd door deze dienst. Wellicht is deze de zwak of niet twee-factor.",
		"es": "Este servicio no acepta el contexto de su autenticaci\u00f3n. Probablemente es demasiado d\u00e9bil o no est\u00e1 usando un segundo factor de autenticaci\u00f3n.",
		"ro": "Contextul de autentificare folosit nu este acceptat pentru acest serviciu. Probabil contextul de autentificare este prea slab\/simplu sau nu este de tipul cu 2 factori de autentificare.",
		"ar": "\u0637\u0631\u064a\u0642\u0629 \u0627\u0644\u062a\u062d\u0642\u0642 \u0627\u0644\u062a\u064a \u0627\u0633\u062a\u062e\u062f\u0645\u062a\u0647\u0627 \u063a\u064a\u0631 \u0645\u0642\u0628\u0648\u0644\u0629 \u0644\u0645\u0642\u062f\u0645 \u0627\u0644\u062e\u062f\u0645\u0629, \u063a\u0627\u0644\u0628\u0627 \u0647\u064a \u0623\u0642\u0644 \u0645\u0646 \u0645\u062a\u0637\u0644\u0628\u0627\u062a \u0645\u0642\u062f\u0645 \u0627\u0644\u062e\u062f\u0645\u0629 \u0627\u0644\u0630\u064a \u0642\u062f \u064a\u0637\u0644\u0628 \u062a\u062d\u0642\u0642\u0627\u0623\u0643\u062b\u0631 \u062a\u0639\u0642\u064a\u062f\u0627",
		"ru": "\u0412\u0430\u0448 \u043a\u043e\u043d\u0442\u0435\u043a\u0441\u0442 \u0430\u0443\u0442\u0435\u043d\u0442\u0438\u0444\u0438\u043a\u0430\u0446\u0438\u0438 \u043d\u0435 \u043f\u0440\u0438\u043d\u044f\u0442 \u0434\u0430\u043d\u043d\u044b\u043c \u0441\u0435\u0440\u0432\u0438\u0441\u043e\u043c. \u041b\u0438\u0431\u043e \u0441\u043b\u0438\u0448\u043a\u043e\u043c \u0441\u043b\u0430\u0431\u044b\u0439, \u043b\u0438\u0431\u043e \u043d\u0435 \u0434\u0432\u0443\u0445-\u0444\u0430\u043a\u0442\u043e\u0440\u043d\u044b\u0439.",
		"cs": "V\u00e1\u0161 autentiza\u010dn\u00ed kontext nen\u00ed touto slu\u017ebou akceptov\u00e1n. Pravd\u011bpodobn\u00e9 p\u0159\u00edli\u0161 snadn\u00e9 nebo nedvoufaktorov\u00e9.",
		"hr": "Odabrana usluga ne prihva\u0107a va\u0161 autentikacijski kontekst. Najvjerojatnije zato \u0161to va\u0161 autentikacijski servis ne zadovoljava razinu sigurnosti koju odabrana usluga zahtijeva.",
		"zh": "\u6b64\u670d\u52a1\u4e0d\u63a5\u53d7\u60a8\u7684\u9a8c\u8bc1\u4e0a\u4e0b\u6587\u3002\u53ef\u80fd\u56e0\u4e3a\u9a8c\u8bc1\u592a\u5f31\u6216\u975e\u53cc\u56e0\u7d20\u9a8c\u8bc1\u3002",
		"eu": "Zerbitzu honek ez du onartzen zure kautotze testuingurua. Ziurrenik ahulegia da edo ez da bi faktoredun kautotzea. ",
		"de": "Ihr Authentifizierungskontext wird von diesem Dienst nicht akzeptiert. Wahrscheinlich ist er zu schwach oder nicht Zwei-Faktor.",
		"id": "Konteks otentikasi Anda tidak tersedia pada layanan ini. Mungkin terlalu lemah atau bukan keamanan-ganda.",
		"zh-tw": "\u60a8\u7684\u9a57\u8b49\u5167\u5bb9\u7121\u6cd5\u88ab\u6b64\u670d\u52d9\u63a5\u53d7\u3002\u53ef\u80fd\u662f\u5f37\u5ea6\u592a\u5f31\u6216\u662f\u672a\u4f7f\u7528\u5169\u6bb5\u5f0f\u9a57\u8b49 (2-factor)\u3002",
		"af": "Jou verifikasie konteks is nie deur die diens aanvaar nie. Waarskynlik te swak of nie twee-faktor nie.",
		"el": "\u0397 \u03bc\u03ad\u03b8\u03bf\u03b4\u03bf\u03c2 \u03c4\u03b1\u03c5\u03c4\u03bf\u03c0\u03bf\u03af\u03b7\u03c3\u03ae\u03c2 \u03c3\u03b1\u03c2 \u03b4\u03b5\u03bd \u03b5\u03af\u03bd\u03b1\u03b9 \u03b1\u03c0\u03bf\u03b4\u03b5\u03ba\u03c4\u03ae \u03c3\u03b5 \u03b1\u03c5\u03c4\u03ae \u03c4\u03b7\u03bd \u03c5\u03c0\u03b7\u03c1\u03b5\u03c3\u03af\u03b1. \u03a0\u03b9\u03b8\u03b1\u03bd\u03ce\u03c2 \u03b5\u03af\u03bd\u03b1\u03b9 \u03c0\u03bf\u03bb\u03cd \u03b1\u03b4\u03cd\u03bd\u03b1\u03bc\u03b7, \u03c0.\u03c7. \u03b4\u03b5\u03bd \u03c7\u03c1\u03b7\u03c3\u03b9\u03bc\u03bf\u03c0\u03bf\u03b9\u03ae\u03b8\u03b7\u03ba\u03b5 \u03b5\u03c0\u03b1\u03bb\u03ae\u03b8\u03b5\u03c5\u03c3\u03b7 \u03b4\u03cd\u03bf \u03b2\u03b7\u03bc\u03ac\u03c4\u03c9\u03bd."
	}
}
