{
  "yes": {
    "no": "Ja",
    "nn": "Ja",
    "sv": "Ja",
    "es": "S\u00ed",
    "fr": "Oui",
    "de": "Ja",
    "nl": "Ja",
    "lb": "Jo",
    "sl": "Da",
    "da": "Ja",
    "hr": "Da",
    "hu": "Igen",
    "fi": "Kyll\u00e4",
    "pt-br": "Sim",
    "pt": "Sim",
    "pl": "Tak",
    "cs": "Ano",
    "tr": "Evet",
    "it": "S\u00ec",
    "lt": "Taip",
    "ja": "\u306f\u3044",
    "zh-tw": "\u662f",
    "et": "Jah",
    "he": "\u05db\u05df",
    "ru": "\u0434\u0430",
    "zh": "\u662f",
    "ar": "\u0646\u0639\u0645 \u0641\u0639\u0644\u0627",
    "lv": "J\u0101",
    "id": "Iya nih",
    "sr": "Da",
    "ro": "Da",
    "eu": "Bai",
    "af": "Ja",
    "el": "\u039d\u03b1\u03af"
  },
  "no": {
    "no": "Nei",
    "nn": "Nei",
    "sv": "Nej",
    "es": "No",
    "fr": "Non",
    "de": "Nein",
    "nl": "Nee",
    "lb": "Nee",
    "sl": "Ne",
    "da": "Nej",
    "hr": "Ne",
    "hu": "Nem",
    "fi": "ei",
    "pt-br": "N\u00e3o",
    "pt": "N\u00e3o",
    "pl": "Nie",
    "cs": "Ne",
    "tr": "Hay\u0131r",
    "it": "No",
    "lt": "Ne",
    "ja": "\u3044\u3044\u3048",
    "zh-tw": "\u5426",
    "et": "Ei",
    "he": "\u05dc\u05d0",
    "ru": "\u041d\u0435\u0442",
    "zh": "\u6ca1\u6709",
    "ar": "\u0644\u0627",
    "lv": "N\u0113",
    "id": "Tidak",
    "sr": "Ne",
    "ro": "Nu",
    "eu": "Ez",
    "af": "Nee",
    "el": "\u038c\u03c7\u03b9"
  },
  "remember": {
    "no": "Godta ogs\u00e5 for fremtiden",
    "nn": "Godta ogs\u00e5 for framtida",
    "sv": "Spara samtycke",
    "es": "Recordar el consentimiento",
    "fr": "Se souvenir du consentement",
    "de": "Zustimmung merken",
    "nl": "Bewaar toestemming",
    "lb": "Zoust\u00ebmmung verhalen",
    "sl": "Zapomni si privolitev.",
    "da": "Husk samtykke",
    "hr": "Zapamti moj odabir",
    "hu": "Eml\u00e9kezzen a hozz\u00e1j\u00e1rul\u00e1sra",
    "fi": "Muista",
    "pt-br": "Lembrar Consentimento",
    "pt": "Lembrar a minha escolha",
    "pl": "Pami\u0119taj moj\u0105 zgod\u0119",
    "cs": "Zapamatuj",
    "tr": "Hat\u0131rla",
    "it": "Ricordare",
    "lt": "\u012esiminti",
    "ja": "\u8a18\u61b6\u3059\u308b",
    "zh-tw": "\u8a18\u4f4f",
    "et": "J\u00e4ta meelde",
    "he": "\u05d6\u05db\u05d5\u05e8",
    "ru": "\u0417\u0430\u043f\u043e\u043c\u043d\u0438\u0442\u044c",
    "zh": "\u8bb0\u4f4f",
    "ar": "\u062a\u0630\u0643\u0631\u0623\u0644\u063a\u062a \u0630\u0643\u0631",
    "lv": "Atcer\u0113ties",
    "id": "Ingat",
    "sr": "Zapamti moj izbor",
    "ro": "\u021aine minte",
    "eu": "Onespena gogoratu",
    "af": "Onthou",
    "el": "\u039d\u03b1 \u03b8\u03c5\u03bc\u03ac\u03c3\u03b1\u03b9 \u03c4\u03b7\u03bd \u03b5\u03c0\u03b9\u03bb\u03bf\u03b3\u03ae \u03bc\u03bf\u03c5"
  },
  "yes_continue": {
    "no": "Ja, fortsett",
    "nn": "Ja, fortsett",
    "sv": "Ja",
    "es": "S\u00ed",
    "fr": "Oui",
    "de": "Ja, ich stimme zu",
    "nl": "Ja, ik ga akkoord",
    "lb": "Jo",
    "sl": "Da, nadaljuj",
    "da": "Ja, jeg accepterer",
    "hr": "Da, nastavi",
    "hu": "Igen, elfogadom",
    "fi": "Kyll\u00e4",
    "pt-br": "Sim, Aceito",
    "pt": "Sim, Aceito",
    "pl": "Tak, akceptuj\u0119",
    "cs": "Ano, akceptuji",
    "tr": "Evet, devam et",
    "it": "S\u00ec, continuare",
    "lt": "Taip, t\u0119sti",
    "ja": "\u306f\u3044\u3001\u7d9a\u3051\u307e\u3059",
    "zh-tw": "\u662f\uff0c\u7e7c\u7e8c",
    "et": "Jah, j\u00e4tka",
    "he": "\u05db\u05df, \u05d4\u05de\u05e9\u05da",
    "ru": "\u0414\u0430, \u043f\u0440\u043e\u0434\u043e\u043b\u0436\u0438\u0442\u044c",
    "zh": "\u662f\u7684\uff0c\u7ee7\u7eed",
    "ar": "\u0646\u0639\u0645\u060c \u0648\u0627\u0635\u0644",
    "lv": "J\u0101, turpin\u0101t",
    "id": "Yam lanjutkan",
    "sr": "Da, nastavi",
    "ro": "Da, continu\u0103",
    "eu": "Bai, jarraitu",
    "af": "Ja, voortgaan",
    "el": "\u0391\u03c0\u03bf\u03b4\u03bf\u03c7\u03ae"
  },
  "no_cancel": {
    "no": "Nei, avbryt",
    "nn": "Nei, avbryt",
    "sv": "Nej",
    "es": "No",
    "fr": "Non",
    "de": "Nein, ich stimme nicht zu",
    "nl": "Nee, ik weiger",
    "lb": "Nee",
    "sl": "Ne, prekli\u010di",
    "da": "Nej, jeg accepterer ikke",
    "hr": "Ne, odustani",
    "hu": "Nem, nem fogadom el",
    "fi": "ei",
    "pt-br": "N\u00e3o, n\u00e3o aceito",
    "pt": "N\u00e3o aceito",
    "pl": "Nie, nie akceptuj\u0119",
    "cs": "Ne, neakceptuji",
    "tr": "Hay\u0131r, iptal et",
    "it": "No, cancellare",
    "lt": "Ne, nutraukti",
    "ja": "\u3044\u3044\u3048\u3001\u30ad\u30e3\u30f3\u30bb\u30eb\u3057\u307e\u3059",
    "zh-tw": "\u5426\uff0c\u53d6\u6d88",
    "et": "Ei, loobu",
    "he": "\u05dc\u05d0, \u05d1\u05d8\u05dc",
    "ru": "\u041d\u0435\u0442, \u043e\u0442\u043c\u0435\u043d\u0438\u0442\u044c",
    "zh": "\u4e0d\uff0c\u53d6\u6d88",
    "ar": "\u0644\u0627\u060c \u0627\u0644\u063a",
    "lv": "N\u0113, atcelt",
    "id": "Tidak, batalkan",
    "sr": "Ne, odustani",
    "ro": "Nu, renun\u021b",
    "eu": "Ez, utzi",
    "af": "Nee, kanselleer",
    "el": "\u0391\u03c0\u03cc\u03c1\u03c1\u03b9\u03c8\u03b7"
  },
  "service_provider": {
    "no": "Tjenesteleverand\u00f8r",
    "nn": "Tenesteleverand\u00f8r",
    "sv": "Tj\u00e4nsteleverant\u00f6r",
    "es": "Proveedor de servicio",
    "fr": "Fournisseur de service",
    "de": "Service-Provider",
    "nl": "Service Provider",
    "lb": "Service Provider",
    "sl": "Ponudnik storitev",
    "da": "Tjenesteudbyder",
    "hr": "Davatelj usluge",
    "hu": "Alkalmaz\u00e1sszolg\u00e1ltat\u00f3",
    "fi": "Palveluntarjoaja",
    "pt-br": "Provedor de Servi\u00e7os",
    "pt": "Fornecedor de Servi\u00e7o (SP)",
    "pl": "Dostawca serwisu",
    "cs": "Poskytovatel slu\u017eby",
    "tr": "Servis Sa\u011flay\u0131c\u0131",
    "it": "Fornitore di servizi",
    "lt": "Paslaugos teik\u0117jas",
    "ja": "\u30b5\u30fc\u30d3\u30b9\u30d7\u30ed\u30d0\u30a4\u30c0",
    "zh-tw": "\u670d\u52d9\u63d0\u4f9b\u8005",
    "et": "Teenusepakkuja",
    "he": "\u05e1\u05e4\u05e7 \u05e9\u05d9\u05e8\u05d5\u05ea",
    "ru": "\u041f\u043e\u0441\u0442\u0430\u0432\u0449\u0438\u043a \u0443\u0441\u043b\u0443\u0433",
    "zh": "\u670d\u52a1\u63d0\u4f9b\u8005",
    "ar": "\u0645\u0642\u062f\u0645 \u062e\u062f\u0645\u0627\u062a",
    "lv": "Servisa pieg\u0101d\u0101t\u0101js",
    "id": "Service Provider",
    "sr": "Davalac Servisa",
    "ro": "Furnizor de servicii",
    "eu": "Zerbitzu hornitzailea",
    "af": "Diens Verskaffer",
    "el": "\u03a0\u03ac\u03c1\u03bf\u03c7\u03bf\u03c2 \u03c5\u03c0\u03b7\u03c1\u03b5\u03c3\u03af\u03b1\u03c2"
  }
}
