﻿<?xml version="1.0" encoding="utf-8"?>
<component format="1" id="fab" is-shell="true">
  <name>Floating Action Button</name>
  <publisher>James Montemagno</publisher>
  <publisher-url>https://github.com/jamesmontemagno/FloatingActionButton-for-Xamarin.Android</publisher-url>
  <version>1.3.0</version>
  <summary>Android floating action button which reacts on scrolling events. Becomes visible when an attached target is scrolled up and invisible when scrolled down.</summary>
  <packages>
    <package id="Refractored.FloatingActionButton" version="1.3.0" framework="android" />
  </packages>
  <samples>
    <sample id="fabsample">
      <name>Android Sample</name>
      <summary>Android Sample</summary>
    </sample>
  </samples>
</component>