﻿<?xml version="1.0" encoding="UTF-8" ?>
<resources>

    <style name="LandingPageTheme" parent="AppTheme">
        <item name="android:colorAccent">#14b1bb</item>
        <item name="android:textColorPrimary">@android:color/white</item>
        <item name="pstsIndicatorColor">#FFF</item>
        <item name="pstsShouldExpand">true</item>
        <item name="pstsUnderlineColor">#FFF</item>
    </style>

    <style name="AppTheme" parent="Theme.AppCompat.Light.NoActionBar">
    	<item name="android:windowBackground">@color/background_window</item>
    	<item name="colorPrimary">#14b1bb</item>
        <item name="colorPrimaryDark">#10868F</item>
        <item name="android:colorAccent">#0C6469</item>
        <item name="android:editTextColor">@android:color/black</item>
        <item name="colorAccent">#0C6469</item>
        <item name="android:textColorPrimary">@android:color/white</item>
        <item name="android:textColorHint">#000</item>
        <item name="searchHintIcon">@null</item>
        <item name="searchViewStyle">@style/SearchViewMy</item>
    </style>

	<style name="SearchViewMy" parent="Widget.AppCompat.Light.SearchView">
	    <item name="android:submitBackground">@null</item>
	    <item name="android:queryBackground">@null</item>
	</style>

</resources>