{"swagger":"2.0","info":{"version":"1.0","title":"Veises User Identity API 1.0","description":"User identity API service","contact":{"name":"Maksim Sharonov","url":"https://github.com/msharonov"},"license":{"name":"GPL-3.0","url":"https://raw.githubusercontent.com/msharonov/Veises.SocialNet/master/LICENSE"}},"basePath":"/","paths":{"/api/v1/Identity/{id}":{"get":{"tags":["Identity"],"summary":"Get specified user identity","description":"Get user by a unique identifier.","operationId":"ApiV1IdentityByIdGet","consumes":[],"produces":["application/json","application/xml"],"parameters":[{"name":"id","in":"path","description":"Identity unique identificator","required":true,"type":"string"},{"name":"api-version","in":"query","required":false,"type":"string"}],"responses":{"200":{"description":"Success","schema":{"$ref":"#/definitions/UserIdentity"}},"400":{"description":"Bad Request"},"404":{"description":"Not Found"}}},"put":{"tags":["Identity"],"summary":"Upate user identity","description":"Update exists user identity","operationId":"ApiV1IdentityByIdPut","consumes":["application/json-patch+json","application/json","text/json","application/*+json","application/xml","text/xml","application/*+xml","application/xml","text/xml","application/*+xml"],"produces":["application/json","application/xml"],"parameters":[{"name":"id","in":"path","description":"Identity unique identificator","required":true,"type":"string"},{"name":"updateUserIdentity","in":"body","description":"User identity information","required":false,"schema":{"$ref":"#/definitions/UpdateUserIdentity"}},{"name":"api-version","in":"query","required":false,"type":"string"}],"responses":{"200":{"description":"Success","schema":{"$ref":"#/definitions/UserIdentity"}},"400":{"description":"Bad Request"},"404":{"description":"Not Found"}}}},"/api/v1/Identity":{"post":{"tags":["Identity"],"summary":"Create new user identity","description":"Create new user identity","operationId":"ApiV1IdentityPost","consumes":["application/json-patch+json","application/json","text/json","application/*+json","application/xml","text/xml","application/*+xml","application/xml","text/xml","application/*+xml"],"produces":["application/json","application/xml"],"parameters":[{"name":"createIdentityModel","in":"body","description":"Create user identity information","required":false,"schema":{"$ref":"#/definitions/CreateUserIdentity"}},{"name":"api-version","in":"query","required":false,"type":"string"}],"responses":{"201":{"description":"Success","schema":{"$ref":"#/definitions/UserIdentity"}},"400":{"description":"Bad Request"}}}}},"definitions":{"UserIdentity":{"description":"User identity model","required":["isBlocked","userName","userUid"],"type":"object","properties":{"isBlocked":{"description":"Describes user identity is blocked","type":"boolean"},"userName":{"description":"User display name","maxLength":25,"minLength":25,"type":"string"},"userUid":{"$ref":"#/definitions/UserUid","description":"User unique identifier"}}},"UserUid":{"description":"User unique identifier","type":"object","properties":{"id":{"format":"int64","type":"integer"}}},"UpdateUserIdentity":{"description":"User identity","required":["userName"],"type":"object","properties":{"userName":{"description":"User display name","maxLength":25,"minLength":25,"type":"string"}}},"CreateUserIdentity":{"description":"New user identity model","required":["userName"],"type":"object","properties":{"userName":{"description":"User name","maxLength":25,"minLength":25,"type":"string"}}}},"securityDefinitions":{}}