<doc>
    <assembly>
        <name>Xamarin.Forms.Maps</name>
    </assembly>
    <members>
        <member name="T:Xamarin.Forms.Maps.Distance">
            <summary>Struct that encapsulates a distance (natively stored as a double of meters).</summary>
            <remarks>To be added.</remarks>
        </member>
        <member name="C:Xamarin.Forms.Maps.Distance(System.Double)">
            <param name="meters">The distance value, in meters, with which to initialize a new <see cref="T:Xamarin.Forms.Maps.Distance" /> structure.</param>
            <summary>Creates a new <see cref="T:Xamarin.Forms.Maps.Distance" /> that represents the distance described by <paramref name="meters" />.</summary>
            <remarks>To be added.</remarks>
        </member>
        <member name="M:Xamarin.Forms.Maps.Distance.Equals(System.Object)">
            <param name="obj">An Object to compare to <c>this</c>.</param>
            <summary>Whether an <see cref="T:System.Object" /> is a <see cref="T:Xamarin.Forms.Maps.Distance" /> and has exactly the same values as <c>this</c><see cref="T:Xamarin.Forms.Maps.Distance" />.</summary>
            <returns>
                <see langword="true" /> if <paramref name="obj" /> is a <see cref="T:Xamarin.Forms.Maps.Distance" /> and has exactly the same values as <c>this</c><see cref="T:Xamarin.Forms.Maps.Distance" />.</returns>
            <remarks>To be added.</remarks>
        </member>
        <member name="M:Xamarin.Forms.Maps.Distance.Equals(Xamarin.Forms.Maps.Distance)">
            <param name="other">The <see cref="T:Xamarin.Forms.Maps.Distance" /> being compared to <c>this</c><see cref="T:Xamarin.Forms.Maps.Distance" />.</param>
            <summary>Whether a <see cref="T:Xamaring.Forms.Maps.Distance" /> has exactly the same values as <c>this </c><see cref="T:Xamaring.Forms.Maps.Distance" />.</summary>
            <returns>
                <see langword="true" /> if <paramref name="other" /> has exactly the same value as <c>this</c><see cref="T:Xamaring.Forms.Maps.Distance" />.</returns>
            <remarks>To be added.</remarks>
        </member>
        <member name="M:Xamarin.Forms.Maps.Distance.FromKilometers(System.Double)">
            <param name="kilometers">A double value representing the distance, in kilometers, for the <see cref="T:Xamarin.Forms.Maps.Distance" /> to create.</param>
            <summary>Factory method to create a <see cref="T:Xamarin.Forms.Maps.Distance" /> from a value provided in kilometers.</summary>
            <returns>To be added.</returns>
            <remarks>To be added.</remarks>
        </member>
        <member name="M:Xamarin.Forms.Maps.Distance.FromMeters(System.Double)">
            <param name="meters">A double value representing the distance, in meters, for the <see cref="T:Xamarin.Forms.Maps.Distance" /> to create.</param>
            <summary>Factory method to create a <see cref="T:Xamarin.Forms.Maps.Distance" /> from a value provided in meters.</summary>
            <returns>To be added.</returns>
            <remarks>To be added.</remarks>
        </member>
        <member name="M:Xamarin.Forms.Maps.Distance.FromMiles(System.Double)">
            <param name="miles">A double value representing the distance, in miles, for the <see cref="T:Xamarin.Forms.Maps.Distance" /> to create.</param>
            <summary>Factory method to create a <see cref="T:Xamarin.Forms.Maps.Distance" /> from a value provided in miles.</summary>
            <returns>To be added.</returns>
            <remarks>To be added.</remarks>
        </member>
        <member name="M:Xamarin.Forms.Maps.Distance.GetHashCode">
            <summary>The hashcode for the <see cref="T:Xamarin.Forms.Maps.Distance" />.</summary>
            <returns>A value optimized for fast insertion and retrieval in a hash-based data structure.</returns>
            <remarks>To be added.</remarks>
        </member>
        <member name="P:Xamarin.Forms.Maps.Distance.Kilometers">
            <summary>Gets the distance in kilometers that is spanned by <c>this</c><see cref="T:Xamarin.Forms.Maps.Distance" />.</summary>
            <value>The distance in kilometers that is spanned by <c>this</c><see cref="T:Xamarin.Forms.Maps.Distance" /></value>
            <remarks>To be added.</remarks>
        </member>
        <member name="P:Xamarin.Forms.Maps.Distance.Meters">
            <summary>Gets the distance in meters that is spanned by <c>this</c><see cref="T:Xamarin.Forms.Maps.Distance" />.</summary>
            <value>Toe distance in meters that is spanned by <c>this</c><see cref="T:Xamarin.Forms.Maps.Distance" />.</value>
            <remarks>To be added.</remarks>
        </member>
        <member name="P:Xamarin.Forms.Maps.Distance.Miles">
            <summary>Gets the distance in miles that is spanned by <c>this</c><see cref="T:Xamarin.Forms.Maps.Distance" />.</summary>
            <value>The distance in miles that is spanned by <c>this</c><see cref="T:Xamarin.Forms.Maps.Distance" />.</value>
            <remarks>To be added.</remarks>
        </member>
        <member name="M:Xamarin.Forms.Maps.Distance.op_Equality(Xamarin.Forms.Maps.Distance,Xamarin.Forms.Maps.Distance)">
            <param name="left">A <see cref="T:Xamarin.Forms.Maps.Distance" /> to compare to another <see cref="T:Xamarin.Forms.Maps.Distance" />.</param>
            <param name="right">A <see cref="T:Xamarin.Forms.Maps.Distance" /> to compare to <paramref name="left" />.</param>
            <summary>Whether two <see cref="T:Xamarin.Forms.Maps.Distance" />s have <see cref="P:Xamarin.Forms.Maps.Distance.Meters" /> properties that are exactly the same.</summary>
            <returns>
                <see langword="true" /> if <paramref name="left" /> and <paramref name="right" /> have identical <see cref="P:Xamarin.Forms.Maps.Distance.Meters" /> properties.</returns>
            <remarks>To be added.</remarks>
        </member>
        <member name="M:Xamarin.Forms.Maps.Distance.op_Inequality(Xamarin.Forms.Maps.Distance,Xamarin.Forms.Maps.Distance)">
            <param name="left">A <see cref="T:Xamarin.Forms.Maps.Distance" /> to compare to another <see cref="T:Xamarin.Forms.Maps.Distance" />.</param>
            <param name="right">A <see cref="T:Xamarin.Forms.Maps.Distance" /> to compare to <paramref name="left" />.</param>
            <summary>Whether two <see cref="T:Xamarin.Forms.Maps.Distance" />s have differing <see cref="P:Xamarin.Forms.Maps.Distance.Meters" /> properties.</summary>
            <returns>
                <see langword="true" /> if <paramref name="left" /> and <paramref name="right" /> have different <see cref="P:Xamarin.Forms.Maps.Distance.Meters" /> properties.</returns>
            <remarks>To be added.</remarks>
        </member>
        <member name="T:Xamarin.Forms.Maps.Geocoder">
            <summary>Converts between string addresses and <see cref="T:Xamarin.Forms.Maps.Position" />s.</summary>
            <remarks>To be added.</remarks>
        </member>
        <member name="C:Xamarin.Forms.Maps.Geocoder">
            <summary>Creates a new <see cref="T:Xamarin.Forms.Maps.Geocoder" /> object with default values.</summary>
            <remarks>To be added.</remarks>
        </member>
        <member name="M:Xamarin.Forms.Maps.Geocoder.GetAddressesForPositionAsync(Xamarin.Forms.Maps.Position)">
            <param name="position">To be added.</param>
            <summary>Returns the addresses near <paramref name="position" />, asynchronously.</summary>
            <returns>To be added.</returns>
            <remarks>To be added.</remarks>
        </member>
        <member name="M:Xamarin.Forms.Maps.Geocoder.GetPositionsForAddressAsync(System.String)">
            <param name="address">To be added.</param>
            <summary>Returns a list of positions for <paramref name="address" />.</summary>
            <returns>To be added.</returns>
            <remarks>To be added.</remarks>
        </member>
        <member name="T:Xamarin.Forms.Maps.Map">
            <summary>A <see cref="T:Xamarin.Forms.View" /> that shows a map provided by a platform-specific service.</summary>
            <remarks>
                <para>Here is a very simple example of a <see cref="T:Xamarin.Forms.Map" />:</para>
                <example>
                    <code lang="C#"><![CDATA[
var map = new Map (MapSpan.FromCenterAndRadius (new Position (37, -122), Distance.FromMiles (10)));

var pin = new Pin () {
	Position = new Position (37, -122),
	Label = "Some Pin!"
};
map.Pins.Add (pin);

var cp = new ContentPage { 
	Content = map, 
};          
          ]]></code>
                </example>
                <para>
                    <img href="Pin.Label.png" />
                </para>
            </remarks>
        </member>
        <member name="C:Xamarin.Forms.Maps.Map">
            <summary>Creates a new <see cref="T:Xamarin.Forms.Maps.Map" /> object with default values.</summary>
            <remarks>To be added.</remarks>
        </member>
        <member name="C:Xamarin.Forms.Maps.Map(Xamarin.Forms.Maps.MapSpan)">
            <param name="region">To be added.</param>
            <summary>Creates a new <see cref="T:Xamarin.Forms.Maps.Map" /> object with that shows the region that is specified by <paramref name="region" />.</summary>
            <remarks>To be added.</remarks>
        </member>
        <member name="M:Xamarin.Forms.Maps.Map.GetEnumerator">
            <summary>An <see cref="T:System.Collections.Generic.IEnumerator`1" /> of the <see cref="T:Xamarin.Forms.Maps.Pin" />s on this <see cref="T:Xamarin.Forms.Maps.Map" />.</summary>
            <returns>To be added.</returns>
            <remarks>To be added.</remarks>
        </member>
        <member name="P:Xamarin.Forms.Maps.Map.HasScrollEnabled">
            <summary>Whether this <see cref="T:Xamarin.Forms.Maps.Map" /> is allowed to scroll.</summary>
            <value>
                <see langword="true" /> if scrolling is enabled.</value>
            <remarks>To be added.</remarks>
        </member>
        <member name="F:Xamarin.Forms.Maps.Map.HasScrollEnabledProperty">
            <summary>Identifies the <see cref="P:Xamarin.Forms.Maps.Map.HasScrollEnabled" /> bindable property.</summary>
            <remarks>To be added.</remarks>
        </member>
        <member name="P:Xamarin.Forms.Maps.Map.HasZoomEnabled">
            <summary>Whether this <see cref="T:Xamarin.Forms.Maps.Map" /> is allowed to zoom.</summary>
            <value>
                <see langword="true" /> if zooming is enabled.</value>
            <remarks>To be added.</remarks>
        </member>
        <member name="F:Xamarin.Forms.Maps.Map.HasZoomEnabledProperty">
            <summary>Identifies the <see cref="P:Xamarin.Forms.Maps.Map.HasZoomEnabled" /> bindable property.</summary>
            <remarks>To be added.</remarks>
        </member>
        <member name="P:Xamarin.Forms.Maps.Map.IsShowingUser">
            <summary>Whether this <see cref="T:Xamarin.Forms.Maps.Map" /> is showing the user's current location.</summary>
            <value>
                <see langword="true" /> if the user's current location is being displayed.</value>
            <remarks>To be added.</remarks>
        </member>
        <member name="F:Xamarin.Forms.Maps.Map.IsShowingUserProperty">
            <summary>Identifies the <see cref="P:Xamarin.Forms.Maps.Map.IsShowingUser" /> bindable property.</summary>
            <remarks>To be added.</remarks>
        </member>
        <member name="P:Xamarin.Forms.Maps.Map.MapType">
            <summary>The <see cref="T:Xamarin.Forms.Maps.MapType" /> display style of this <see cref="T:Xamarin.Forms.Maps.Map" />.</summary>
            <value>To be added.</value>
            <remarks>To be added.</remarks>
        </member>
        <member name="F:Xamarin.Forms.Maps.Map.MapTypeProperty">
            <summary>Identifies the <see cref="P:Xamarin.Forms.Maps.Map.MapType" /> bindable property.</summary>
            <remarks>To be added.</remarks>
        </member>
        <member name="M:Xamarin.Forms.Maps.Map.MoveToRegion(Xamarin.Forms.Maps.MapSpan)">
            <param name="mapSpan">The <see cref="T:Xamarin.Forms.Maps.MapSpan" /> to make visible.</param>
            <summary>Moves the map so that it displays the specified <paramref name="mapSpan" />.</summary>
            <remarks>To be added.</remarks>
        </member>
        <member name="P:Xamarin.Forms.Maps.Map.Pins">
            <summary>An <see cref="T:System.Collections.IList`1" /> of the <see cref="T:Xamarin.Forms.Maps.Pin" />s on this <see cref="T:Xamarin.Forms.Maps.Map" />.</summary>
            <value>To be added.</value>
            <remarks>To be added.</remarks>
        </member>
        <member name="M:Xamarin.Forms.Maps.Map.System#Collections#IEnumerable#GetEnumerator">
            <summary>An <see cref="T:System.Collections.IEnumerator" /> of the <see cref="T:Xamarin.Forms.Maps.Pin" />s on this <see cref="T:Xamarin.Forms.Maps.Map" />.</summary>
            <returns>To be added.</returns>
            <remarks>To be added.</remarks>
        </member>
        <member name="P:Xamarin.Forms.Maps.Map.VisibleRegion">
            <summary>The currently visible <see cref="T:Xamarin.Forms.Maps.MapSpan" /> of this <see cref="T:Xamarin.Forms.Maps.Map" />.</summary>
            <value>To be added.</value>
            <remarks>To be added.</remarks>
        </member>
        <member name="T:Xamarin.Forms.Maps.MapSpan">
            <summary>A circular region on a <see cref="T:Xamarin.Forms.Maps.Map" />.</summary>
            <remarks>To be added.</remarks>
        </member>
        <member name="C:Xamarin.Forms.Maps.MapSpan(Xamarin.Forms.Maps.Position,System.Double,System.Double)">
            <param name="center">To be added.</param>
            <param name="latitudeDegrees">To be added.</param>
            <param name="longitudeDegrees">To be added.</param>
            <summary>Returns a <see cref="T:Xamarin.Forms.Maps.MapSpan" /> that is centered on <paramref name="center" /> and extends to <paramref name="latitudeDegress" /> and <paramref name="longitudeDegress" />.</summary>
            <remarks>To be added.</remarks>
        </member>
        <member name="P:Xamarin.Forms.Maps.MapSpan.Center">
            <summary>The <see cref="T:Xamarin.Forms.Maps.Position" /> in the geographical center of the <see cref="T:Xamarin.Forms.Maps.MapSpan" />.</summary>
            <value>To be added.</value>
            <remarks>To be added.</remarks>
        </member>
        <member name="M:Xamarin.Forms.Maps.MapSpan.ClampLatitude(System.Double,System.Double)">
            <param name="north">The northern limit of the new <see cref="T:Xamarin.Forms.Maps.MapSpan" />.</param>
            <param name="south">The southern limit of the new <see cref="T:Xamarin.Forms.Maps.MapSpan" />.</param>
            <summary>Creates a new <see cref="T:Xamarin.Forms.Maps.MapSpan" /> with the same <see cref="P:Xamarin.Forms.Maps.MapSpan.LongitudeDegrees" /> as <c>this</c> and a radius defined by <paramref name="north" /> and <paramref name="south" />.</summary>
            <returns>A new <see cref="T:Xamarin.Forms.Maps.MapSpan" />.</returns>
            <remarks>To be added.</remarks>
        </member>
        <member name="M:Xamarin.Forms.Maps.MapSpan.Equals(System.Object)">
            <param name="obj">To be added.</param>
            <summary>Whether <paramref name="obj" /> is a <see cref="T:Xamarin.Forms.MapsSpan" /> with identical position and radius values as this <see cref="T:Xamarin.Forms.Maps.MapSpan" />.</summary>
            <returns>
                <see langword="true" /> if <paramref name="obj" /> is a <see cref="T:Xamarin.Forms.MapsSpan" /> with identical position and radius values as this <see cref="T:Xamarin.Forms.Maps.MapSpan" />.</returns>
            <remarks>To be added.</remarks>
        </member>
        <member name="M:Xamarin.Forms.Maps.MapSpan.FromCenterAndRadius(Xamarin.Forms.Maps.Position,Xamarin.Forms.Maps.Distance)">
            <param name="center">To be added.</param>
            <param name="radius">To be added.</param>
            <summary>Returns a <see cref="Xamarin.Forms.Maps.MapSpan" /> that displays the area that is defined by <paramref name="center" /> and <paramref name="radius" />.</summary>
            <returns>To be added.</returns>
            <remarks>To be added.</remarks>
        </member>
        <member name="M:Xamarin.Forms.Maps.MapSpan.GetHashCode">
            <summary>The hash value for this <see cref="T:Xamarin.Forms.Maps.MapSpan" />, based on the position and radius.</summary>
            <returns>A value optimized for insertion and retrieval in hash-based data structures.</returns>
            <remarks>To be added.</remarks>
        </member>
        <member name="P:Xamarin.Forms.Maps.MapSpan.LatitudeDegrees">
            <summary>The degrees of latitude that are spanned by the <see cref="T:Xamarin.Forms.Maps.MapSpan" />.</summary>
            <value>The number of degrees of latitude that are spanned by the <see cref="T:Xamarin.Forms.Maps.MapSpan" />.</value>
            <remarks>To be added.</remarks>
        </member>
        <member name="P:Xamarin.Forms.Maps.MapSpan.LongitudeDegrees">
            <summary>The degrees of longitude that are spanned by the <see cref="T:Xamarin.Forms.Maps.MapSpan" />.</summary>
            <value>The number of degrees of longitude that are spanned by the <see cref="T:Xamarin.Forms.Maps.MapSpan" />.</value>
            <remarks>To be added.</remarks>
        </member>
        <member name="M:Xamarin.Forms.Maps.MapSpan.op_Equality(Xamarin.Forms.Maps.MapSpan,Xamarin.Forms.Maps.MapSpan)">
            <param name="left">A <see cref="T:Xamarin.Forms.Maps.MapSpan" /> to be compared.</param>
            <param name="right">A <see cref="T:Xamarin.Forms.Maps.MapSpan" /> to be compared.</param>
            <summary>Whether two <see cref="T:Xamarin.Forms.Maps.MapSpan" /> have equivalent values.</summary>
            <returns>
                <see langword="true" /> if the two <see cref="T:Xamarin.Forms.Maps.MapSpan" />s have equivalent <see cref="P:Xamarin.Forms.Maps.MapSpan.Center" /> and <see cref="P:Xamarin.Forms.Maps.MapSpan.Radius" /> values.</returns>
            <remarks>To be added.</remarks>
        </member>
        <member name="M:Xamarin.Forms.Maps.MapSpan.op_Inequality(Xamarin.Forms.Maps.MapSpan,Xamarin.Forms.Maps.MapSpan)">
            <param name="left">A <see cref="T:Xamarin.Forms.Maps.MapSpan" /> to be compared.</param>
            <param name="right">A <see cref="T:Xamarin.Forms.Maps.MapSpan" /> to be compared.</param>
            <summary>Whether two <see cref="T:Xamarin.Forms.Maps.MapSpan" /> have different values.</summary>
            <returns>
                <see langword="true" /> if the two <see cref="T:Xamarin.Forms.Maps.MapSpan" />s have different values for either <see cref="P:Xamarin.Forms.Maps.MapSpan.Center" /> or <see cref="P:Xamarin.Forms.Maps.MapSpan.Radius" />.</returns>
            <remarks>To be added.</remarks>
        </member>
        <member name="P:Xamarin.Forms.Maps.MapSpan.Radius">
            <summary>Gets the smallest distance across the <see cref="T:Xamarin.Forms.Maps.MapSpan" />.</summary>
            <value>The smallest distance across the <see cref="T:Xamarin.Forms.Maps.MapSpan" />.</value>
            <remarks>Application developers can get the distance in their desired units from the returned <see cref="T:Xamarin.Forms.Distance" /> struct.</remarks>
        </member>
        <member name="M:Xamarin.Forms.Maps.MapSpan.WithZoom(System.Double)">
            <param name="zoomFactor">The factor by which to enlarge or decrease <c>this</c>.</param>
            <summary>Creates a new <see cref="T:Xamarin.Forms.Maps.MapSpan" /> with the same <see cref="P:Xamarin.Forms.Maps.MapSpan.Center" /> as <c>this</c> but with a <see cref="P:Xamarin.Forms.Maps.MapSpan.Radius" /> multiplied by <paramref name="zoomFactor" />.</summary>
            <returns>To be added.</returns>
            <remarks>To be added.</remarks>
        </member>
        <member name="T:Xamarin.Forms.Maps.MapType">
            <summary>Enumeration that specifies the display style of the map.</summary>
            <remarks>To be added.</remarks>
        </member>
        <member name="F:Xamarin.Forms.Maps.MapType.Hybrid">
            <summary>A map that combinse satellite imagery and street data.</summary>
        </member>
        <member name="F:Xamarin.Forms.Maps.MapType.Satellite">
            <summary>A map that contains satellite imagery.</summary>
        </member>
        <member name="F:Xamarin.Forms.Maps.MapType.Street">
            <summary>A street map.</summary>
        </member>
        <member name="T:Xamarin.Forms.Maps.Pin">
            <summary>A marker on a <see cref="T:Xamarin.Forms.Maps.Map" />.</summary>
            <remarks>
                <para> A <see cref="T:Xamarin.Forms.Maps.Pin" /> must have its <see cref="P:Xamarin.Forms.Maps.Pin.Label" /> property assigned before it is added to a map. If not, a <see cref="T:System.ArgumentException" /> is thrown.</para>
                <example>
                    <code lang="C#"><![CDATA[
public static Page GetMapPage ()
{	
	var map = new Map (MapSpan.FromCenterAndRadius (new Position (37, -122), Distance.FromMiles (10)));

//If Label is not set, runtime exception
	var pin = new Pin () {
		Position = new Position (37, -122),
		Label = "Some Pin!"
	};
	map.Pins.Add (pin);

	var cp = new ContentPage { 
		Content = map, 
	};

	return cp;
}

          ]]></code>
                </example>
            </remarks>
        </member>
        <member name="C:Xamarin.Forms.Maps.Pin">
            <summary>Creates a new <see cref="T:Xamarin.Forms.Maps.Pin" /> object with default values.</summary>
            <remarks>To be added.</remarks>
        </member>
        <member name="P:Xamarin.Forms.Maps.Pin.Address">
            <summary>A <langword see="string" /> describing the street address.</summary>
            <value>To be added.</value>
            <remarks>To be added.</remarks>
        </member>
        <member name="F:Xamarin.Forms.Maps.Pin.AddressProperty">
            <summary>Identifies the <see cref="P:Xamarin.Forms.Maps.Pin.Address" /> bindable property.</summary>
            <remarks>To be added.</remarks>
        </member>
        <member name="E:Xamarin.Forms.Maps.Pin.Clicked">
            <summary>Event that is raised when the pin is clicked.</summary>
            <remarks>To be added.</remarks>
        </member>
        <member name="M:Xamarin.Forms.Maps.Pin.Equals(System.Object)">
            <param name="obj">To be added.</param>
            <summary>Whether <paramref name="obj" /> with equivalent <see cref="P:Xamarin.Forms.Maps.Pin.Type" />, <see cref="P:Xamarin.Forms.Maps.Pin.Position" />, <see cref="P:Xamarin.Forms.Maps.Pin.Label" /> and <see cref="P:Xamarin.Forms.Maps.Pin.Address" />.</summary>
            <returns>
                <see langword="true" /> if <paramref name="obj" /> is a <see cref="T:Xamarin.Forms.Maps.Pin" /> with equivalent <see cref="P:Xamarin.Forms.Maps.Pin.Type" />, <see cref="P:Xamarin.Forms.Maps.Pin.Position" />, <see cref="P:Xamarin.Forms.Maps.Pin.Label" /> and <see cref="P:Xamarin.Forms.Maps.Pin.Address" /> values.</returns>
            <remarks>To be added.</remarks>
        </member>
        <member name="M:Xamarin.Forms.Maps.Pin.GetHashCode">
            <summary>The hash value for the <see cref="T:Xamarin.Forms.Maps.Pin" /></summary>
            <returns>A value optimized for fast insertion and retrieval in a hash-based data structure.</returns>
            <remarks>
                <para>A <see cref="T:Xamarin.Forms.Maps.Pin" /> hash-value is based on its <see cref="P:Xamarin.Forms.Maps.Pin.Type" />, <see cref="P:Xamarin.Forms.Maps.Pin.Position" />, <see cref="P:Xamarin.Forms.Maps.Pin.Label" /> and <see cref="P:Xamarin.Forms.Maps.Pin.Address" /> properties.</para>
            </remarks>
        </member>
        <member name="P:Xamarin.Forms.Maps.Pin.Label">
            <summary>A user-readable <langword see="string" /> associated with the <see cref="T:Xamarin.Forms.Maps.Pin" />.</summary>
            <value>To be added.</value>
            <remarks>To be added.</remarks>
        </member>
        <member name="M:Xamarin.Forms.Maps.Pin.op_Equality(Xamarin.Forms.Maps.Pin,Xamarin.Forms.Maps.Pin)">
            <param name="left">A <see cref="T:Xamarin.Forms.Maps.Pin" /> to be compared.</param>
            <param name="right">A <see cref="T:Xamarin.Forms.Maps.Pin" /> to be compared.</param>
            <summary>Whether <paramref name="left" /> and <paramref name="right" /> have equivalent <see cref="P:Xamarin.Forms.Maps.Pin.Type" />, <see cref="P:Xamarin.Forms.Maps.Pin.Position" />, <see cref="P:Xamarin.Forms.Maps.Pin.Label" /> and <see cref="P:Xamarin.Forms.Maps.Pin.Address" /> values.</summary>
            <returns>
                <see langword="true" /> if <paramref name="left" /> and <paramref name="right" /> have equivalent <see cref="P:Xamarin.Forms.Maps.Pin.Type" />, <see cref="P:Xamarin.Forms.Maps.Pin.Position" />, <see cref="P:Xamarin.Forms.Maps.Pin.Label" /> and <see cref="P:Xamarin.Forms.Maps.Pin.Address" /> values.</returns>
            <remarks>To be added.</remarks>
        </member>
        <member name="M:Xamarin.Forms.Maps.Pin.op_Inequality(Xamarin.Forms.Maps.Pin,Xamarin.Forms.Maps.Pin)">
            <param name="left">A <see cref="T:Xamarin.Forms.Maps.Pin" /> to be compared.</param>
            <param name="right">A <see cref="T:Xamarin.Forms.Maps.Pin" /> to be compared.</param>
            <summary>Whether <paramref name="left" /> and <paramref name="right" /> differ in any of their <see cref="P:Xamarin.Forms.Maps.Pin.Type" />, <see cref="P:Xamarin.Forms.Maps.Pin.Position" />, <see cref="P:Xamarin.Forms.Maps.Pin.Label" /> and <see cref="P:Xamarin.Forms.Maps.Pin.Address" /> values.</summary>
            <returns>
                <see langword="true" /> if <paramref name="left" /> and <paramref name="right" /> have any differences between their <see cref="P:Xamarin.Forms.Maps.Pin.Type" />, <see cref="P:Xamarin.Forms.Maps.Pin.Position" />, <see cref="P:Xamarin.Forms.Maps.Pin.Label" /> and <see cref="P:Xamarin.Forms.Maps.Pin.Address" /> values.</returns>
            <remarks>To be added.</remarks>
        </member>
        <member name="P:Xamarin.Forms.Maps.Pin.Position">
            <summary>The latitude and longitude of the <see cref="T:Xamarin.Forms.Maps.Pin" />.</summary>
            <value>The <see cref="T:Xamarin.Forms.Maps.Position" /> of the <see cref="T:Xamarin.Forms.Maps.Pin" />.</value>
            <remarks>To be added.</remarks>
        </member>
        <member name="F:Xamarin.Forms.Maps.Pin.PositionProperty">
            <summary>Identifies the <see cref="P:Xamarin.Forms.Maps.Pin.Position" /> bindable property.</summary>
            <remarks>To be added.</remarks>
        </member>
        <member name="P:Xamarin.Forms.Maps.Pin.Type">
            <summary>The kind of pin.</summary>
            <value>To be added.</value>
            <remarks>To be added.</remarks>
        </member>
        <member name="F:Xamarin.Forms.Maps.Pin.TypeProperty">
            <summary>Identifies the <see cref="T:Xamarin.Forms.Maps.Pin.Type" /> bindable property.</summary>
            <remarks>To be added.</remarks>
        </member>
        <member name="T:Xamarin.Forms.Maps.PinType">
            <summary>Enumeration specifying the various kinds of <see cref="T:Xamarin.Forms.Map.Pin" />.</summary>
            <remarks>To be added.</remarks>
        </member>
        <member name="F:Xamarin.Forms.Maps.PinType.Generic">
            <summary>A generic pin.</summary>
        </member>
        <member name="F:Xamarin.Forms.Maps.PinType.Place">
            <summary>Pin for a place.</summary>
        </member>
        <member name="F:Xamarin.Forms.Maps.PinType.SavedPin">
            <summary>Pin for a saved location.</summary>
        </member>
        <member name="F:Xamarin.Forms.Maps.PinType.SearchResult">
            <summary>Pin for a search result.</summary>
        </member>
        <member name="T:Xamarin.Forms.Maps.Position">
            <summary>A struct that has a latitude and longitude, stored as doubles.</summary>
            <remarks>To be added.</remarks>
        </member>
        <member name="C:Xamarin.Forms.Maps.Position(System.Double,System.Double)">
            <param name="latitude">The latitude of the new position in degrees, as a double. This value will be clamped between -90.0 and 90.0, inclusive.</param>
            <param name="longitude">The longitude of the new position, as a double.  This value will be clamped between -180.0 and 180.0, inclusive.</param>
            <summary>Constructs a new <see cref="T:Xamarin.Forms.Maps.Position" /> structure with a given latitude and longitude.</summary>
            <remarks>To be added.</remarks>
        </member>
        <member name="M:Xamarin.Forms.Maps.Position.Equals(System.Object)">
            <param name="obj">To be added.</param>
            <summary>Returns a Boolean value that indicates whether or not <paramref name="obj" /> is another <see cref="T:Xamarin.Forms.Position" /> structure and represents exactly the same latitude and longitude as <see langword="this" /> one.</summary>
            <returns>
                <see langword="true" /> if <paramref name="obj" /> is another <see cref="T:Xamarin.Forms.Position" /> structure and represents exactly the same latitude and longitude as <see langword="this" /> one. Otherwise, <see langword="false" />.</returns>
            <remarks>To be added.</remarks>
        </member>
        <member name="M:Xamarin.Forms.Maps.Position.GetHashCode">
            <summary>Returns the hash code for this instance.</summary>
            <returns>The hash code for this instance.</returns>
            <remarks>To be added.</remarks>
        </member>
        <member name="P:Xamarin.Forms.Maps.Position.Latitude">
            <summary>Gets the latitude of this position in decimal degrees.</summary>
            <value>The latitude of this position in degrees, as a double. The returned value will be between -90.0 and 90.0 degrees, inclusive.</value>
            <remarks>To be added.</remarks>
        </member>
        <member name="P:Xamarin.Forms.Maps.Position.Longitude">
            <summary>Gets the longitude of this position in decimal degrees.</summary>
            <value>The longitude of this position in degrees, as a double. The returned value will be between -180.0 and 180.0 degrees, inclusive.</value>
            <remarks>To be added.</remarks>
        </member>
        <member name="M:Xamarin.Forms.Maps.Position.op_Equality(Xamarin.Forms.Maps.Position,Xamarin.Forms.Maps.Position)">
            <param name="left">A <see cref="T:Xamarin.Forms.Maps.Position" /> to compare.</param>
            <param name="right">A <see cref="T:Xamarin.Forms.Maps.Position" /> to compare.</param>
            <summary>Returns a Boolean value that indicates whether or not <paramref name="left" /> represents exactly the same latitude and longitude as <paramref name="right" />.</summary>
            <returns>
                <see langword="true" /> if <paramref name="left" /> represents exactly the same latitude and longitude as <paramref name="right" />. Otherwise, <see langword="false" />.</returns>
            <remarks>To be added.</remarks>
        </member>
        <member name="M:Xamarin.Forms.Maps.Position.op_Inequality(Xamarin.Forms.Maps.Position,Xamarin.Forms.Maps.Position)">
            <param name="left">A <see cref="T:Xamarin.Forms.Maps.Position" /> to compare.</param>
            <param name="right">A <see cref="T:Xamarin.Forms.Maps.Position" /> to compare.</param>
            <summary>Returns a Boolean value that indicates whether or not <paramref name="left" /> and <paramref name="right" /> represent different latitudes or longitudes.</summary>
            <returns>
                <see langword="true" /> if <paramref name="left" /> and <paramref name="right" /> represent different latitudes or longitudes. Otherwise, <see langword="false" />.</returns>
            <remarks>To be added.</remarks>
        </member>
    </members>
</doc>
