[
  {
    "Id": "213764",
    "ThreadId": "62953",
    "Html": "<p>RAYA 0.2<br><br>Prerequisites<br>----------------------------------------------------------------------------------<br>- ASP .NET 3.5, <br>- ASP .NET MVC, http://go.microsoft.com/fwlink/?LinkID=140768&amp;clcid=0x409<br>- Your favourite versioning tool, eg. Tortoise SVN, http://tortoisesvn.tigris.org/<br>- Access to MS SQL database or SQL database express<br>- dotnetopenid 3.3.0.9199, http://code.google.com/p/dotnetopenid/<br>- facebook developer toolkit 2.1, http://www.codeplex.com/FacebookToolkit<br>- IKVM shindig, http://pesta.googlecode.com/files/IKVM.Shindig.dll.0.1.zip<br><br>create 2 folders on your drive somewhere called<br>- pesta<br>- raya<br><br>Then, check-out the code for each folder at the locations specified below<br>- pesta, http://pesta.googlecode.com/svn/trunk<br>- raya, http://raya.svn.codeplex.com/svn/raya<br><br>Once you have checked out the above projects, open ands add the following .csproj files into the same solution<br>- raya<br>- pestaServer<br>- pesta<br>- CustomBuildTasks&nbsp; (this minifies javascript when building for the first time)<br><br>Basically, both pestaserver and raya is dependent on pesta (which builds into a DLL). Open all 3 projects under the same solution.<br><br>Select your solution and under &quot;Project -&gt; Set Startup Projects&quot;, select &quot;Multiple startup projects&quot; and set<br>the &quot;Action&quot; for pestaserver and raya as &quot;Start&quot; &nbsp;<br><br>pestaServer<br>----------------------------------------------------------------------------------<br>Now back to IKVM.Shindig.dll.0.1.zip. Extract the contents of this file somewhere. Next, go to your pestaserver project<br>and delete the existing references for the following files (as they refer to the incorrect path)<br>- IKVM.OpenJDK.ClassLibrary<br>- IKVM.Runtime<br>- IKVM.Runtime.JNI<br>- shindig<br>- pesta<br><br>Installing the SQL database<br>----------------------------------------------------------------------------------<br>You either use SQL Server Management Studio or from the command line via sqlcmd to create the database.<br>Under the raya project, there is a file called raya.sql. This is the database script.<br><br>You will first need to create a database called raya. Once this is done, simply execute the script (raya.sql)<br>from raya.<br><br><br>pestaServer web.config<br>----------------------------------------------------------------------------------<br>There are only 3 things you need to do here<br>1. Point the connection string to the database you've created<br>2. Specify the address for containerUrlPrefix. This is the address of the &quot;raya project&quot; when it starts up. <br>You can update the dynamic port number later.<br>3. Either specify the tokenMasterKey so that communication between the site and gadget server includes a security token<br>OR<br>set allowUnauthenticated to true to bare it all<br><br><br>raya<br>----------------------------------------------------------------------------------<br>With the raya project, you will just need to delete and add the following<br>- pesta<br>- facebook<br>- DotNetOpenAuth (from dotnetopenid)<br>- Microsoft.Xml.Schema.Linq (from facebook project)<br><br>You will only need to configure the web.config file. In this file, you will need to<br>1. Point the connectionString to the database you created above <br>2. If you had specify the tokenMasterKey for pesta, you will need to specify the same value here<br>3. specify the address of the gadget_server, ie. the address that pesta is running on.</p>",
    "PostedDate": "2009-07-20T04:57:37.87-07:00",
    "UserRole": null,
    "MarkedAsAnswerDate": null
  }
]