[
  {
    "Id": "161277",
    "ThreadId": "48332",
    "Html": "<p><strong>Installing pesta and raya</strong><br> <br> <strong>Prerequisites</strong></p>\r\n<ul>\r\n<li>ASP .NET 3.5</li>\r\n<li>ASP .NET MVC, http://go.microsoft.com/fwlink/?LinkID=140768&amp;clcid=0x409</li>\r\n<li>Your favourite versioning tool, eg. Tortoise SVN, http://tortoisesvn.tigris.org/</li>\r\n<li>Access to MS SQL database or SQL database express</li>\r\n<li>Windows Azure SDK (if you want to run on Windows Azure)</li>\r\n</ul>\r\n<p>create a folders on your drive somewhere containing the folders</p>\r\n<p>- pesta<br> - raya<br> <br> Then, check-out the code for each folder at the locations specified below<br> - pesta, http://pesta.googlecode.com/svn/trunk/pesta/<br> - raya, https://raya.svn.codeplex.com/svn/<br> <br> <br> <strong>Installing the SQL database</strong><br> You either use SQL Server Management Studio or from the command line via sqlcmd to create the database.<br> Under the raya project, there is a file called raya.sql. This is the database script.<br> <br> You will first need to create a database called raya. Once this is done, simply execute the script (raya.sql)<br> from raya.<br> <br> <br> <strong>pestaServer web.config</strong><br> There are only 3 things you need to do here<br> 1. Point the connection string to the database you've created<br> 2. Specify the address for containerUrlPrefix. This is the address of the &quot;raya project&quot; when it starts up. <br> You can update the dynamic port number later.<br> 3. Either specify the tokenMasterKey so that communication between the site and gadget server includes a security token<br> OR<br> set allowUnauthenticated to true to bare it all<br> <br> <br> <strong>raya web.config</strong><br>In the web.config file, you will need to<br> 1. Point the connectionString to the database you created above <br> 2. If you had specify the tokenMasterKey for pesta, you will need to specify the same value here<br> 3. specify the address of the gadget_server, ie. the address that pesta is running on.<br></p>\r\n<p><strong>Windows Azure</strong></p>\r\n<p>Two CloudServices are included in the solution</p>\r\n<ol>\r\n<li>CloudServiceDeployAll</li>\r\n<li>CloudServiceLocal</li>\r\n</ol>\r\n<p><strong>CloudServiceLocal</strong></p>\r\n<p>This project is used for local development. You will need to create the local test storage tables by right-clicking on the project name and selecting &quot;Create Test Storage Tables&quot;</p>\r\n<p><strong>CloudServiceDeployAll</strong></p>\r\n<p>This project is used for publishing the project on to the cloud. pestaServer will run on port 8000 and raya on port 80. You will need to edit ServiceConfiguration.cscfg and enter your accountname and sharedkey value.</p>\r\n<p>To deploy to the cloud, you just need to right click on the project name and select Publish....</p>\r\n<p>&nbsp;</p>",
    "PostedDate": "2009-02-23T22:48:14.187-08:00",
    "UserRole": null,
    "MarkedAsAnswerDate": null
  },
  {
    "Id": "207574",
    "ThreadId": "48332",
    "Html": "<p>Hi, I am not able to check out the codes for the folders:</p>\r\n<p>&nbsp;</p>\r\n<p>Then, check-out the code for each folder at the locations specified below<br> - pesta, https://pesta.googlecode.com/svn/trunk/pesta/pesta/<br> - pestaserver , https://pesta.googlecode.com/svn/trunk/pesta/pestaServer/<br> - raya, https://raya.svn.codeplex.com/svn/raya</p>\r\n<p>&nbsp;</p>\r\n<p>It asks me the credentials for the https://pesta.googlecode.com:443, but I am not able to register for it. When I try to access this site in IE its doesnt open anything where I can register.</p>\r\n<p>So, please help.</p>\r\n<p>&nbsp;</p>\r\n<p>Thanks</p>\r\n<p>Akshaya</p>",
    "PostedDate": "2009-07-01T08:09:31.117-07:00",
    "UserRole": null,
    "MarkedAsAnswerDate": null
  },
  {
    "Id": "207641",
    "ThreadId": "48332",
    "Html": "\r\n\r\n<div class=Section1>\r\n\r\n<p class=MsoNormal><span style=\"font-size:11.0pt;font-family:'Calibri','sans-serif';color:#1F497D\">Hi,</span></p>\r\n\r\n<p class=MsoNormal><span style=\"font-size:11.0pt;font-family:'Calibri','sans-serif';color:#1F497D\">  Sorry, the correct urls for non-members is</span></p>\r\n\r\n<p class=MsoNormal><span style=\"font-size:11.0pt;font-family:'Calibri','sans-serif';color:#1F497D\"> </span></p>\r\n\r\n<p class=MsoNormal><span style=\"font-size:9.0pt;font-family:'Verdana','sans-serif'\">-\r\npesta, http://pesta.googlecode.com/svn/trunk/pesta/pesta/<br>\r\n- pestaserver , http://pesta.googlecode.com/svn/trunk/pesta/pestaServer/<br>\r\n<br>\r\n</span></p>\r\n\r\n<p class=MsoNormal><span style=\"font-size:11.0pt;font-family:'Calibri','sans-serif';color:#1F497D\">Should have been just http:// not https://. </span><span style=\"font-size:9.0pt;font-family:'Verdana','sans-serif'\">There are also instructions\r\nat <a href=\"http://code.google.com/p/pesta/source/checkout\">http://code.google.com/p/pesta/source/checkout</a>.</span></p>\r\n\r\n<p class=MsoNormal><span style=\"font-size:9.0pt;font-family:'Verdana','sans-serif'\"> </span></p>\r\n\r\n<p class=MsoNormal><span style=\"font-size:9.0pt;font-family:'Verdana','sans-serif'\">For\r\nraya, please go to <a href=\"http://raya.codeplex.com/SourceControl/ListDownloadableCommits.aspx\">http://raya.codeplex.com/SourceControl/ListDownloadableCommits.aspx</a>\r\nand choose from the menu on the right hand side</span></p>\r\n\r\n<p class=MsoNormal><span style=\"font-size:11.0pt;font-family:'Calibri','sans-serif';color:#1F497D\"> </span></p>\r\n\r\n<p class=MsoNormal><span style=\"font-size:11.0pt;font-family:'Calibri','sans-serif';color:#1F497D\">I will update the installation guide.</span></p>\r\n\r\n<p class=MsoNormal><span style=\"font-size:11.0pt;font-family:'Calibri','sans-serif';color:#1F497D\"> </span></p>\r\n\r\n<p class=MsoNormal><span style=\"font-size:11.0pt;font-family:'Calibri','sans-serif';color:#1F497D\">Regards,</span></p>\r\n\r\n<p class=MsoNormal><span style=\"font-size:11.0pt;font-family:'Calibri','sans-serif';color:#1F497D\">Sean</span></p>\r\n\r\n<p class=MsoNormal><span style=\"font-size:11.0pt;font-family:'Calibri','sans-serif';color:#1F497D\"> </span></p>\r\n\r\n<p class=MsoNormal><span style=\"font-size:11.0pt;font-family:'Calibri','sans-serif';color:#1F497D\"> </span></p>\r\n\r\n<div>\r\n\r\n<div style=\"border:none;border-top:solid #B5C4DF 1.0pt;padding:3.0pt 0in 0in 0in\">\r\n\r\n<p class=MsoNormal><b><span style=\"font-size:10.0pt;font-family:'Tahoma','sans-serif'\">From:</span></b><span style=\"font-size:10.0pt;font-family:'Tahoma','sans-serif'\"> akshayakrsh\r\n[mailto:notifications@codeplex.com] <br>\r\n<b>Sent:</b> Wednesday, July 01, 2009 11:10 PM<br>\r\n<b>To:</b> seanlinmt@gmail.com<br>\r\n<b>Subject:</b> Re: Installation guide [raya:48332]</span></p>\r\n\r\n</div>\r\n\r\n</div>\r\n\r\n<p class=MsoNormal> </p>\r\n\r\n<p><span style=\"font-size:9.0pt;font-family:'Verdana','sans-serif'\">From:\r\nakshayakrsh</span></p>\r\n\r\n<div style=\"margin-bottom:24.0pt\" id=ThreadNotificationPostBody>\r\n\r\n<p><span style=\"font-size:9.0pt;font-family:'Verdana','sans-serif'\">Hi, I am\r\nnot able to check out the codes for the folders:</span></p>\r\n\r\n<p><span style=\"font-size:9.0pt;font-family:'Verdana','sans-serif'\"> </span></p>\r\n\r\n<p><span style=\"font-size:9.0pt;font-family:'Verdana','sans-serif'\">Then,\r\ncheck-out the code for each folder at the locations specified below<br>\r\n- pesta, https://pesta.googlecode.com/svn/trunk/pesta/pesta/<br>\r\n- pestaserver , https://pesta.googlecode.com/svn/trunk/pesta/pestaServer/<br>\r\n- raya, https://raya.svn.codeplex.com/svn/raya</span></p>\r\n\r\n<p><span style=\"font-size:9.0pt;font-family:'Verdana','sans-serif'\"> </span></p>\r\n\r\n<p><span style=\"font-size:9.0pt;font-family:'Verdana','sans-serif'\">It asks me\r\nthe credentials for the https://pesta.googlecode.com:443, but I am not able to\r\nregister for it. When I try to access this site in IE its doesnt open anything\r\nwhere I can register.</span></p>\r\n\r\n<p><span style=\"font-size:9.0pt;font-family:'Verdana','sans-serif'\">So, please\r\nhelp.</span></p>\r\n\r\n<p><span style=\"font-size:9.0pt;font-family:'Verdana','sans-serif'\"> </span></p>\r\n\r\n<p><span style=\"font-size:9.0pt;font-family:'Verdana','sans-serif'\">Thanks</span></p>\r\n\r\n<p><span style=\"font-size:9.0pt;font-family:'Verdana','sans-serif'\">Akshaya</span></p>\r\n\r\n</div>\r\n\r\n<div style=\"border:none;border-top:solid #CCCCCC 1.0pt;padding:0in 0in 0in 0in\" id=ThreadNotificationFooter>\r\n\r\n<p><span style=\"font-size:9.0pt;font-family:'Verdana','sans-serif';color:gray\">Read\r\nthe <a href=\"http://raya.codeplex.com/Thread/View.aspx?ThreadId=48332&ANCHOR#Post207574\">full\r\ndiscussion online</a>.</span></p>\r\n\r\n<p><span style=\"font-size:9.0pt;font-family:'Verdana','sans-serif';color:gray\">To\r\nadd a post to this discussion, reply to this email (<a href=\"mailto:raya@discussions.codeplex.com?subject=[raya:48332]\">raya@discussions.codeplex.com</a>)</span></p>\r\n\r\n<p><span style=\"font-size:9.0pt;font-family:'Verdana','sans-serif';color:gray\">To\r\nstart a new discussion for this project, email <a href=\"mailto:raya@discussions.codeplex.com\">raya@discussions.codeplex.com</a></span></p>\r\n\r\n<p><span style=\"font-size:9.0pt;font-family:'Verdana','sans-serif';color:gray\">You\r\nare receiving this email because you subscribed to this discussion on CodePlex.\r\nYou can <a href=\"http://www.codeplex.com/site/discussions/thread/unsubscribe/48332\">unsubscribe</a>\r\non codePlex.com.</span></p>\r\n\r\n<p><span style=\"font-size:9.0pt;font-family:'Verdana','sans-serif';color:gray\">Please\r\nnote: Images and attachments will be removed from emails. Any posts to this\r\ndiscussion will also be available online at codeplex.com</span></p>\r\n\r\n</div>\r\n\r\n</div>\r\n\r\n",
    "PostedDate": "2009-07-01T10:46:17.347-07:00",
    "UserRole": null,
    "MarkedAsAnswerDate": null
  },
  {
    "Id": "207840",
    "ThreadId": "48332",
    "Html": "<p>Hi Sean</p>\r\n<p>&nbsp;</p>\r\n<p>Thanks for the updated URLs, I was able to get files from there. But, as I proceeded with the instructions I got stuck with 2 new problems:</p>\r\n<p>1. There's a missing DLL called &quot;ELMAH&quot;, this is referenced in both Pesta Server and Raya projects.</p>\r\n<p>2. When I tried to build the solution containing Pesta and Pesta Server I got the below error:</p>\r\n<p>Error&nbsp;&nbsp;&nbsp; 3&nbsp;&nbsp;&nbsp; The &quot;YuiCompress&quot; task could not be loaded from the assembly D:\\Projects\\OpenSocial\\pestaserver\\..\\CustomBuildTasks\\bin\\Debug\\CustomBuildTasks.dll. Could not load file or assembly 'file:///D:\\Projects\\OpenSocial\\CustomBuildTasks\\bin\\Debug\\CustomBuildTasks.dll' or one of its dependencies. The system cannot find the file specified. Confirm that the &lt;UsingTask&gt; declaration is correct, and that the assembly and all its dependencies are available.&nbsp;&nbsp;&nbsp; D:\\Projects\\OpenSocial\\pestaserver\\pestaServer.csproj&nbsp;&nbsp;&nbsp; 483&nbsp;&nbsp;&nbsp; 5&nbsp;&nbsp;&nbsp; pestaServer</p>\r\n<p>&nbsp;</p>\r\n<p>Please help me in getting rid of these errors.</p>\r\n<p>&nbsp;</p>\r\n<p>Thanks</p>\r\n<p>Akshaya</p>",
    "PostedDate": "2009-07-02T00:43:26.347-07:00",
    "UserRole": null,
    "MarkedAsAnswerDate": null
  },
  {
    "Id": "207842",
    "ThreadId": "48332",
    "Html": "<p>Ok, I found the Elmah thing, we can get the code from Elmah by checking it from &quot;&lt;tt id=&quot;checkoutcmd&quot;&gt;<strong><em>http</em></strong>://elmah.googlecode.com/svn/trunk/&quot;&lt;/tt&gt;. Although this is not mandatory to kept in the project.</p>\r\n<p>And for the second Error - in this documentation, there's a missing instruction in which we have to create a folder CustomBuildTasks along with the other folders and check out the content from &quot;<a rel=nofollow href=\"http://www.ijapan.org/blue/browse.php?u=czovL3Blc3RhLmdvb2dsZWNvZGUuY29tL3N2bi90cnVuay9wZXN0YS9DdXN0b21CdWlsZFRhc2tz&b=29\">http://pesta.googlecode.com/svn/trunk/pesta/CustomBuildTasks</a>&quot;.</p>\r\n<p>Now this is frustrating, even after downloading the CustomBuildTasks code from the above link, I am not able to use the project. Every time I try to open this project I get an exception and the project closes. So what do I do now?</p>\r\n<p>&nbsp;</p>\r\n<p>Thanks</p>\r\n<p>Akshaya</p>",
    "PostedDate": "2009-07-02T00:47:37.77-07:00",
    "UserRole": null,
    "MarkedAsAnswerDate": null
  },
  {
    "Id": "207872",
    "ThreadId": "48332",
    "Html": "\r\n\r\n<div class=Section1>\r\n\r\n<p class=MsoNormal><span style=\"font-size:11.0pt;font-family:'Calibri','sans-serif';color:#1F497D\">You will also need to download a project at </span><a href=\"http://pesta.googlecode.com/svn/trunk/pesta/CustomBuildTasks/\">http://pesta.googlecode.com/svn/trunk/pesta/CustomBuildTasks/</a></p>\r\n\r\n<p class=MsoNormal> </p>\r\n\r\n<p class=MsoNormal>This project minifies the javascript features at compile\r\ntime.<span style=\"font-size:11.0pt;font-family:'Calibri','sans-serif';color:#1F497D\"></span></p>\r\n\r\n<p class=MsoNormal><span style=\"font-size:11.0pt;font-family:'Calibri','sans-serif';color:#1F497D\"> </span></p>\r\n\r\n<div>\r\n\r\n<div style=\"border:none;border-top:solid #B5C4DF 1.0pt;padding:3.0pt 0in 0in 0in\">\r\n\r\n<p class=MsoNormal><b><span style=\"font-size:10.0pt;font-family:'Tahoma','sans-serif'\">From:</span></b><span style=\"font-size:10.0pt;font-family:'Tahoma','sans-serif'\"> akshayakrsh\r\n[mailto:notifications@codeplex.com] <br>\r\n<b>Sent:</b> Thursday, July 02, 2009 3:43 PM<br>\r\n<b>To:</b> seanlinmt@gmail.com<br>\r\n<b>Subject:</b> Re: Installation guide [raya:48332]</span></p>\r\n\r\n</div>\r\n\r\n</div>\r\n\r\n<p class=MsoNormal> </p>\r\n\r\n<p><span style=\"font-size:9.0pt;font-family:'Verdana','sans-serif'\">From:\r\nakshayakrsh</span></p>\r\n\r\n<div style=\"margin-bottom:24.0pt\" id=ThreadNotificationPostBody>\r\n\r\n<p><span style=\"font-size:9.0pt;font-family:'Verdana','sans-serif'\">Hi Sean</span></p>\r\n\r\n<p><span style=\"font-size:9.0pt;font-family:'Verdana','sans-serif'\"> </span></p>\r\n\r\n<p><span style=\"font-size:9.0pt;font-family:'Verdana','sans-serif'\">Thanks for\r\nthe updated URLs, I was able to get files from there. But, as I proceeded with\r\nthe instructions I got stuck with 2 new problems:</span></p>\r\n\r\n<p><span style=\"font-size:9.0pt;font-family:'Verdana','sans-serif'\">1. There's\r\na missing DLL called &quot;ELMAH&quot;, this is referenced in both Pesta Server\r\nand Raya projects.</span></p>\r\n\r\n<p><span style=\"font-size:9.0pt;font-family:'Verdana','sans-serif'\">2. When I\r\ntried to build the solution containing Pesta and Pesta Server I got the below\r\nerror:</span></p>\r\n\r\n<p><span style=\"font-size:9.0pt;font-family:'Verdana','sans-serif'\">Error   \r\n3    The &quot;YuiCompress&quot; task could not be loaded from\r\nthe assembly D:\\Projects\\OpenSocial\\pestaserver\\..\\CustomBuildTasks\\bin\\Debug\\CustomBuildTasks.dll.\r\nCould not load file or assembly\r\n'file:///D:\\Projects\\OpenSocial\\CustomBuildTasks\\bin\\Debug\\CustomBuildTasks.dll'\r\nor one of its dependencies. The system cannot find the file specified. Confirm\r\nthat the &lt;UsingTask&gt; declaration is correct, and that the assembly and\r\nall its dependencies are available.   \r\nD:\\Projects\\OpenSocial\\pestaserver\\pestaServer.csproj   \r\n483    5    pestaServer</span></p>\r\n\r\n<p><span style=\"font-size:9.0pt;font-family:'Verdana','sans-serif'\"> </span></p>\r\n\r\n<p><span style=\"font-size:9.0pt;font-family:'Verdana','sans-serif'\">Please help\r\nme in getting rid of these errors.</span></p>\r\n\r\n<p><span style=\"font-size:9.0pt;font-family:'Verdana','sans-serif'\"> </span></p>\r\n\r\n<p><span style=\"font-size:9.0pt;font-family:'Verdana','sans-serif'\">Thanks</span></p>\r\n\r\n<p><span style=\"font-size:9.0pt;font-family:'Verdana','sans-serif'\">Akshaya</span></p>\r\n\r\n</div>\r\n\r\n<div style=\"border:none;border-top:solid #CCCCCC 1.0pt;padding:0in 0in 0in 0in\" id=ThreadNotificationFooter>\r\n\r\n<p><span style=\"font-size:9.0pt;font-family:'Verdana','sans-serif';color:gray\">Read\r\nthe <a href=\"http://raya.codeplex.com/Thread/View.aspx?ThreadId=48332&ANCHOR#Post207840\">full\r\ndiscussion online</a>.</span></p>\r\n\r\n<p><span style=\"font-size:9.0pt;font-family:'Verdana','sans-serif';color:gray\">To\r\nadd a post to this discussion, reply to this email (<a href=\"mailto:raya@discussions.codeplex.com?subject=[raya:48332]\">raya@discussions.codeplex.com</a>)</span></p>\r\n\r\n<p><span style=\"font-size:9.0pt;font-family:'Verdana','sans-serif';color:gray\">To\r\nstart a new discussion for this project, email <a href=\"mailto:raya@discussions.codeplex.com\">raya@discussions.codeplex.com</a></span></p>\r\n\r\n<p><span style=\"font-size:9.0pt;font-family:'Verdana','sans-serif';color:gray\">You\r\nare receiving this email because you subscribed to this discussion on CodePlex.\r\nYou can <a href=\"http://www.codeplex.com/site/discussions/thread/unsubscribe/48332\">unsubscribe</a>\r\non codePlex.com.</span></p>\r\n\r\n<p><span style=\"font-size:9.0pt;font-family:'Verdana','sans-serif';color:gray\">Please\r\nnote: Images and attachments will be removed from emails. Any posts to this\r\ndiscussion will also be available online at codeplex.com</span></p>\r\n\r\n</div>\r\n\r\n</div>\r\n\r\n",
    "PostedDate": "2009-07-02T02:31:17.537-07:00",
    "UserRole": null,
    "MarkedAsAnswerDate": null
  },
  {
    "Id": "231116",
    "ThreadId": "48332",
    "Html": "<p>installation instructions has been updated for latest code</p>",
    "PostedDate": "2009-09-04T06:06:45.997-07:00",
    "UserRole": null,
    "MarkedAsAnswerDate": null
  }
]