{
  "WorkItem": {
    "AffectedComponent": {
      "Name": "",
      "DisplayName": ""
    },
    "ClosedComment": "",
    "ClosedDate": null,
    "CommentCount": 0,
    "Custom": null,
    "Description": "Login via Yahoo!ID will fail. \n \nBackground: Currently, only the Unique OpenID Identifier can be obtained from Yahoo (unless you're Plaxo). So no information on username or email can be obtained at the moment. I was waiting for Yahoo to support Simple Registration but that hasn't seem to happen yet.\n \nSolution: Will need to extend the user login process to ask for the user's name and/or email information manually.",
    "LastUpdatedDate": "2013-02-13T10:46:11.533-08:00",
    "PlannedForRelease": "",
    "ReleaseVisibleToPublic": false,
    "Priority": {
      "Name": "Low",
      "Severity": 50,
      "Id": 1
    },
    "ProjectName": "raya",
    "ReportedDate": "2009-09-01T20:28:42.617-07:00",
    "Status": {
      "Name": "Proposed",
      "Id": 1
    },
    "ReasonClosed": {
      "Name": "Unassigned"
    },
    "Summary": "Cannot login via Yahoo!ID",
    "Type": {
      "Name": "Issue",
      "Id": 3
    },
    "VoteCount": 1,
    "Id": 2528
  },
  "FileAttachments": [],
  "Comments": []
}