[
  {
    "Id": "0",
    "Name": "raya 0.2.2 (msdeploy)",
    "DevelopmentStatus": "Beta",
    "Description": "- updated raya 0.2.2\n- Facebook Connect, Google Friend Connect support added",
    "ReleasedDatge": "0001-01-01T00:00:00",
    "ModifiedDate": "2009-08-04T03:22:57.673-07:00",
    "Files": [
      {
        "Id": "efca31d5-8ee4-4cde-80be-0e9880fbc327",
        "FileName": "raya 0.2.2.zip",
        "Url": "./0/efca31d5-8ee4-4cde-80be-0e9880fbc327",
        "Type": "Application",
        "UploadDate": "2009-08-03T12:51:01.38-07:00"
      }
    ]
  },
  {
    "Id": "1",
    "Name": "raya 0.2.1",
    "DevelopmentStatus": "Beta",
    "Description": "- new UI\n- support for OpenID\n- login using Yahoo!ID, OpenID, Google Account\n- support for internal OpenSocial widgets\n- update from Raya 0.2 to fix failed login exception",
    "ReleasedDatge": "0001-01-01T00:00:00",
    "ModifiedDate": "2009-07-20T08:45:46.853-07:00",
    "Files": [
      {
        "Id": "180df430-fbe7-4d58-84e5-b6beae57ec2a",
        "FileName": "raya0.2.1.zip",
        "Url": "./1/180df430-fbe7-4d58-84e5-b6beae57ec2a",
        "Type": "Application",
        "UploadDate": "2009-07-20T08:45:46.713-07:00"
      }
    ]
  },
  {
    "Id": "2",
    "Name": "raya 0.1",
    "DevelopmentStatus": "Beta",
    "Description": "Initial release of raya 0.1. Please refer to INSTALL.txt for installation instructions. You will need to download pesta from [url:http://code.google.com/p/pesta/] as well.",
    "ReleasedDatge": "0001-01-01T00:00:00",
    "ModifiedDate": "2009-02-27T02:47:04.797-08:00",
    "Files": [
      {
        "Id": "602f17ab-120c-4837-96bd-63902bcfb724",
        "FileName": "raya0.1.zip",
        "Url": "./2/602f17ab-120c-4837-96bd-63902bcfb724",
        "Type": "Application",
        "UploadDate": "2009-02-27T02:47:04.437-08:00"
      }
    ]
  },
  {
    "Id": "3",
    "Name": "raya 0.2.3",
    "DevelopmentStatus": "Beta",
    "Description": "* added Windows Azure support via Blob and Table Storage",
    "ReleasedDatge": "0001-01-01T00:00:00",
    "ModifiedDate": "2009-09-21T23:21:03.18-07:00",
    "Files": [
      {
        "Id": "e3cce138-4ef2-4a19-abf1-93a97d67e59e",
        "FileName": "raya0.2.3.zip",
        "Url": "./3/e3cce138-4ef2-4a19-abf1-93a97d67e59e",
        "Type": "Source Code",
        "UploadDate": "2009-09-21T23:19:33.643-07:00"
      }
    ]
  }
]