[
  {
    "Id": "418189",
    "ThreadId": "204982",
    "Html": "<p>I tried to run this project at local machine. But it not work.</p>\r\n<p>I tried to modify web.config file. But it still not work.</p>\r\n<p>Please tell me how to config to run at local machine.</p>\r\n<p>Thanks.</p>",
    "PostedDate": "2010-03-15T05:43:38.34-07:00",
    "UserRole": null,
    "MarkedAsAnswerDate": null
  },
  {
    "Id": "418313",
    "ThreadId": "204982",
    "Html": "<p>Oh. I got it.</p>\r\n<p>There're many code need to be modified to run at local. And most important, it's was developed base old SDK.</p>\r\n<p>Any way, thank you very much.</p>",
    "PostedDate": "2010-03-15T10:05:03.563-07:00",
    "UserRole": null,
    "MarkedAsAnswerDate": null
  }
]