[
  {
    "Id": "0",
    "Name": "1.0",
    "DevelopmentStatus": "Alpha",
    "Description": "Version 1.0 \"alpha\" release.\n\nRefreshed 05/13/2009 because Internet Explorer 8 had some display issues with the site\n",
    "ReleasedDatge": "0001-01-01T00:00:00",
    "ModifiedDate": "2009-05-13T18:02:41.35-07:00",
    "Files": [
      {
        "Id": "68948de7-0839-406b-9f6e-d5d67337ff09",
        "FileName": "LifeTracks.zip",
        "Url": "./0/68948de7-0839-406b-9f6e-d5d67337ff09",
        "Type": "Source Code",
        "UploadDate": "2009-05-13T18:02:40.837-07:00"
      },
      {
        "Id": "8a081551-a094-4f90-80e5-fbad4cd85e19",
        "FileName": "LifeTracks.png",
        "Url": "./0/8a081551-a094-4f90-80e5-fbad4cd85e19",
        "Type": "Example",
        "UploadDate": "2009-01-01T13:22:48.907-08:00"
      },
      {
        "Id": "7d4e73c2-aa01-4a3c-8b9c-02d2d21e7346",
        "FileName": "LifeTracks.pdf",
        "Url": "./0/7d4e73c2-aa01-4a3c-8b9c-02d2d21e7346",
        "Type": "Documentation",
        "UploadDate": "2009-01-01T13:22:49.233-08:00"
      }
    ]
  }
]