{"swagger":"2.0","info":{"version":"v1","title":"Social Net API"},"basePath":"/","paths":{"/api/Identity/Current":{"get":{"tags":["Identity"],"summary":"Get current user identity","operationId":"ApiIdentityCurrentGet","consumes":[],"produces":["application/json"],"responses":{"200":{"description":"Success","schema":{"$ref":"#/definitions/UserModel"}},"401":{"description":"Unauthorized"},"415":{"description":"Client Error"},"523":{"description":"Server Error"}}}}},"definitions":{"UserModel":{"type":"object","properties":{"displauName":{"type":"string"}}}},"securityDefinitions":{}}