﻿<?xml version="1.0" encoding="utf-8"?>
<doc>
  <assembly>
    <name>Microsoft.Web.WebPages.OAuth</name>
  </assembly>
  <members>
    <member name="T:Microsoft.Web.WebPages.OAuth.AuthenticationClientData"></member>
    <member name="M:Microsoft.Web.WebPages.OAuth.AuthenticationClientData.#ctor(DotNetOpenAuth.AspNet.IAuthenticationClient,System.String,System.Collections.Generic.IDictionary{System.String,System.Object})"></member>
    <member name="P:Microsoft.Web.WebPages.OAuth.AuthenticationClientData.AuthenticationClient"></member>
    <member name="P:Microsoft.Web.WebPages.OAuth.AuthenticationClientData.DisplayName"></member>
    <member name="P:Microsoft.Web.WebPages.OAuth.AuthenticationClientData.ExtraData"></member>
    <member name="T:Microsoft.Web.WebPages.OAuth.OAuthAccount">
      <summary>Représente un compte OAuth ou OpenID.</summary>
    </member>
    <member name="M:Microsoft.Web.WebPages.OAuth.OAuthAccount.#ctor(System.String,System.String)">
      <summary>Initialise une nouvelle instance de la classe <see cref="T:Microsoft.Web.WebPages.OAuth.OAuthAccount" />.</summary>
      <param name="provider">Nom du fournisseur.</param>
      <param name="providerUserId">Identifiant utilisateur de fournisseur.</param>
    </member>
    <member name="P:Microsoft.Web.WebPages.OAuth.OAuthAccount.Provider">
      <summary>Obtient le nom du fournisseur.</summary>
      <returns>Nom du fournisseur.</returns>
    </member>
    <member name="P:Microsoft.Web.WebPages.OAuth.OAuthAccount.ProviderUserId">
      <summary>Obtient l'identifiant utilisateur de fournisseur.</summary>
      <returns>Identifiant utilisateur de fournisseur.</returns>
    </member>
    <member name="T:Microsoft.Web.WebPages.OAuth.OAuthWebSecurity">
      <summary>Gère la sécurité qui utilise les fournisseurs d'authentification OAuth tels que Facebook, Twitter, LinkedIn et Windows Live, ainsi que les fournisseurs d'authentification OpenID tels que Google et Yahoo.</summary>
    </member>
    <member name="M:Microsoft.Web.WebPages.OAuth.OAuthWebSecurity.CreateOrUpdateAccount(System.String,System.String,System.String)">
      <summary>Crée ou met à jour le compte à l'aide du fournisseur et de l'identifiant utilisateur spécifiés pour l'ID de fournisseur, puis associe le nouveau compte au nom d'utilisateur spécifié.</summary>
      <param name="providerName">Nom du fournisseur.</param>
      <param name="providerUserId">Identifiant utilisateur du fournisseur spécifié.</param>
      <param name="userName">Nom de l'utilisateur.</param>
    </member>
    <member name="M:Microsoft.Web.WebPages.OAuth.OAuthWebSecurity.DeleteAccount(System.String,System.String)">
      <summary>Supprime le compte spécifié.</summary>
      <returns>true si le compte a été supprimé ; sinon, false.</returns>
      <param name="providerName">Nom du fournisseur.</param>
      <param name="providerUserId">Identifiant utilisateur du fournisseur spécifié.</param>
    </member>
    <member name="M:Microsoft.Web.WebPages.OAuth.OAuthWebSecurity.GetAccountsFromUserName(System.String)">
      <summary>Obtient le ou les comptes associés à l'aide du nom d'utilisateur spécifié.</summary>
      <returns>Collection de comptes.</returns>
      <param name="userName">Nom d'utilisateur.</param>
    </member>
    <member name="M:Microsoft.Web.WebPages.OAuth.OAuthWebSecurity.GetOAuthClientData(System.String)"></member>
    <member name="M:Microsoft.Web.WebPages.OAuth.OAuthWebSecurity.GetUserName(System.String,System.String)">
      <summary>Retourne l'identifiant utilisateur pour le fournisseur et l'identifiant utilisateur de fournisseur OAuth ou OpenID spécifiés.</summary>
      <returns>Identifiant utilisateur ou null si aucun identifiant utilisateur n'est associé à l'identifiant utilisateur de fournisseur OAuth ou OpenID.</returns>
      <param name="providerName">Nom du fournisseur.</param>
      <param name="providerUserId">Identifiant utilisateur du fournisseur spécifié.</param>
    </member>
    <member name="M:Microsoft.Web.WebPages.OAuth.OAuthWebSecurity.HasLocalAccount(System.Int32)"></member>
    <member name="P:Microsoft.Web.WebPages.OAuth.OAuthWebSecurity.IsAuthenticatedWithOAuth">
      <summary>Obtient une valeur qui indique si l'utilisateur a été authentifié à l'aide d'OAuth.</summary>
      <returns>true si l'utilisateur a été authentifié à l'aide d'OAuth ; sinon, false.</returns>
    </member>
    <member name="M:Microsoft.Web.WebPages.OAuth.OAuthWebSecurity.Login(System.String,System.String,System.Boolean)">
      <summary>Connecte l'utilisateur.</summary>
      <returns>true en cas de connexion réussie ; sinon, false.</returns>
      <param name="providerName">Nom du fournisseur.</param>
      <param name="providerUserId">Identifiant utilisateur du fournisseur spécifié.</param>
      <param name="createPersistentCookie">true pour créer un cookie persistant afin que les informations de connexion soient enregistrées dans les sessions de navigateur ; sinon, false.</param>
    </member>
    <member name="M:Microsoft.Web.WebPages.OAuth.OAuthWebSecurity.RegisterClient(DotNetOpenAuth.AspNet.IAuthenticationClient)">
      <summary>Enregistre un client d'authentification OAuth.</summary>
      <param name="client">Un des clients OAuth pris en charge.</param>
    </member>
    <member name="M:Microsoft.Web.WebPages.OAuth.OAuthWebSecurity.RegisterClient(DotNetOpenAuth.AspNet.IAuthenticationClient,System.String,System.Collections.Generic.IDictionary{System.String,System.Object})"></member>
    <member name="P:Microsoft.Web.WebPages.OAuth.OAuthWebSecurity.RegisteredClientData"></member>
    <member name="M:Microsoft.Web.WebPages.OAuth.OAuthWebSecurity.RegisterFacebookClient(System.String,System.String)"></member>
    <member name="M:Microsoft.Web.WebPages.OAuth.OAuthWebSecurity.RegisterFacebookClient(System.String,System.String,System.String)"></member>
    <member name="M:Microsoft.Web.WebPages.OAuth.OAuthWebSecurity.RegisterFacebookClient(System.String,System.String,System.String,System.Collections.Generic.IDictionary{System.String,System.Object})"></member>
    <member name="M:Microsoft.Web.WebPages.OAuth.OAuthWebSecurity.RegisterGoogleClient"></member>
    <member name="M:Microsoft.Web.WebPages.OAuth.OAuthWebSecurity.RegisterGoogleClient(System.String)"></member>
    <member name="M:Microsoft.Web.WebPages.OAuth.OAuthWebSecurity.RegisterGoogleClient(System.String,System.Collections.Generic.IDictionary{System.String,System.Object})"></member>
    <member name="M:Microsoft.Web.WebPages.OAuth.OAuthWebSecurity.RegisterLinkedInClient(System.String,System.String)"></member>
    <member name="M:Microsoft.Web.WebPages.OAuth.OAuthWebSecurity.RegisterLinkedInClient(System.String,System.String,System.String)"></member>
    <member name="M:Microsoft.Web.WebPages.OAuth.OAuthWebSecurity.RegisterLinkedInClient(System.String,System.String,System.String,System.Collections.Generic.IDictionary{System.String,System.Object})"></member>
    <member name="M:Microsoft.Web.WebPages.OAuth.OAuthWebSecurity.RegisterMicrosoftClient(System.String,System.String)"></member>
    <member name="M:Microsoft.Web.WebPages.OAuth.OAuthWebSecurity.RegisterMicrosoftClient(System.String,System.String,System.String)"></member>
    <member name="M:Microsoft.Web.WebPages.OAuth.OAuthWebSecurity.RegisterMicrosoftClient(System.String,System.String,System.String,System.Collections.Generic.IDictionary{System.String,System.Object})"></member>
    <member name="M:Microsoft.Web.WebPages.OAuth.OAuthWebSecurity.RegisterTwitterClient(System.String,System.String)"></member>
    <member name="M:Microsoft.Web.WebPages.OAuth.OAuthWebSecurity.RegisterTwitterClient(System.String,System.String,System.String)"></member>
    <member name="M:Microsoft.Web.WebPages.OAuth.OAuthWebSecurity.RegisterTwitterClient(System.String,System.String,System.String,System.Collections.Generic.IDictionary{System.String,System.Object})"></member>
    <member name="M:Microsoft.Web.WebPages.OAuth.OAuthWebSecurity.RegisterYahooClient"></member>
    <member name="M:Microsoft.Web.WebPages.OAuth.OAuthWebSecurity.RegisterYahooClient(System.String)"></member>
    <member name="M:Microsoft.Web.WebPages.OAuth.OAuthWebSecurity.RegisterYahooClient(System.String,System.Collections.Generic.IDictionary{System.String,System.Object})"></member>
    <member name="M:Microsoft.Web.WebPages.OAuth.OAuthWebSecurity.RequestAuthentication(System.String)">
      <summary>Demande au fournisseur spécifié de lancer l'authentification en dirigeant les utilisateurs vers un site Web externe.</summary>
      <param name="provider">Fournisseur OAuth.</param>
    </member>
    <member name="M:Microsoft.Web.WebPages.OAuth.OAuthWebSecurity.RequestAuthentication(System.String,System.String)">
      <summary>Demande au fournisseur spécifié de lancer l'authentification en dirigeant les utilisateurs vers un site Web externe et indique au fournisseur de rediriger l'utilisateur vers l'URL spécifiée en cas de réussite de l'authentification.</summary>
      <param name="provider">Fournisseur OAuth.</param>
      <param name="returnUrl">URL à retourner en cas de réussite de l'authentification.</param>
    </member>
    <member name="M:Microsoft.Web.WebPages.OAuth.OAuthWebSecurity.SerializeProviderUserId(System.String,System.String)"></member>
    <member name="M:Microsoft.Web.WebPages.OAuth.OAuthWebSecurity.TryDeserializeProviderUserId(System.String,System.String@,System.String@)"></member>
    <member name="M:Microsoft.Web.WebPages.OAuth.OAuthWebSecurity.TryGetOAuthClientData(System.String,Microsoft.Web.WebPages.OAuth.AuthenticationClientData@)"></member>
    <member name="M:Microsoft.Web.WebPages.OAuth.OAuthWebSecurity.VerifyAuthentication">
      <summary>Retourne une valeur qui indique si le compte d'utilisateur a été confirmé par le fournisseur.</summary>
      <returns>Instance <see cref="T:DotNetOpenAuth.AspNet.AuthenticationResult" /> que vous pouvez interroger pour déterminer si la vérification a réussi.</returns>
    </member>
    <member name="M:Microsoft.Web.WebPages.OAuth.OAuthWebSecurity.VerifyAuthentication(System.String)"></member>
    <member name="T:Microsoft.Web.WebPages.OAuth.PreApplicationStartCode">
      <summary>Fournit un point de référence pour le code de pré-démarrage de l'application pour la sécurité OAuth.</summary>
    </member>
    <member name="M:Microsoft.Web.WebPages.OAuth.PreApplicationStartCode.Start">
      <summary>Inscrit le code de pré-démarrage de l'application OAuth.</summary>
    </member>
  </members>
</doc>