[
  {
    "Id": "1241857",
    "ThreadId": "544389",
    "Html": "In some selective cases Wholesale Clothing gives customized administrations on the huge clients in lieu of giving retail institutionalized administrations to the extensive number of more modest clients. <br />\nAn alternate point of interest of purchasing the Wholesale Clothing is that venders are not inclined to accuse their clients along of the deals charge. In spite of the fact that in a few cases an exceptional economical duty is charged. Click here: <a href=\"http://jellybeanwholesale.com/\" rel=\"nofollow\">http://jellybeanwholesale.com/</a><br />\n<br />\nDissimilar to retail deals in which the stock or merchandise are sold from a decided beforehand area, wholesale is executed at particular settled zones close or far from the standard commercial centers.<br />\n",
    "PostedDate": "2014-05-05T21:03:10.117-07:00",
    "UserRole": null,
    "MarkedAsAnswerDate": null
  }
]