[
  {
    "Id": "691466",
    "ThreadId": "277722",
    "Html": "<p>I have uploaded my project based mostly on the .net 3.5 version of this book called \"GumBark\" which is a open source C# .net Online Dating Personals web application. I have been working on this project for the past forever years. It has progressed a lot  in its time and the most notable was while reading PACKT Publishing Social Networking in ASP.NET 3.5.</p>\n<p>&nbsp;</p>\n<p>If you have read this book, you should have no trouble understanding the source code. I have put up some sample screen shots on sourceforge.net and the pre-alpha release is available. Feel free to comment. The documentation is non-existent.</p>\n<p>&nbsp;</p>\n<p>Link: <a href=\"https://sourceforge.net/projects/gumbark/\">Gumbark | Open Source C# .net Online Dating Personals</a></p>",
    "PostedDate": "2011-10-31T00:11:26.04-07:00",
    "UserRole": null,
    "MarkedAsAnswerDate": null
  }
]