[
  {
    "Id": "212273",
    "ThreadId": "62538",
    "Html": "<p>I ran into an issue with the verify email issue that I was able to resolve so wanted to share my fix. Basically, whenever I tried to navigate to the email verification link I would get the following error:</p>\r\n<p>Invalid length for a Base-64 char array.</p>\r\n<p>After doing some research and walking through the code I found that the server couldn't process the URL as it had some invalid characters. To resolve this I used UrlEncode on the encrypted user name before that gets used in the verification link. This encodes the encrypted text in a form readable by the server.</p>\r\n<p>Here's the changed code in the Email.cs file:</p>\r\n<p>&nbsp;</p>\r\n<div style=\"color:Black;background-color:White\">\r\n<pre>        <span style=\"color:Blue\">public</span> <span style=\"color:Blue\">void</span> SendEmailAddressVerificationEmail(<span style=\"color:Blue\">string</span> Username, <span style=\"color:Blue\">string</span> To)\r\n        {\r\n            <span style=\"color:Green\">// ORIGINAL</span>\r\n            <span style=\"color:Green\">//string msg = &quot;Please click on the link below or paste it into a browser to verify your email account.&lt;BR&gt;&lt;BR&gt;&quot; +</span>\r\n            <span style=\"color:Green\">//                &quot;&lt;a href=\\&quot;&quot; + _configuration.RootURL + &quot;Accounts/VerifyEmail.aspx?a=&quot; +</span>\r\n            <span style=\"color:Green\">//                Username.Encrypt(&quot;verify&quot;) + &quot;\\&quot;&gt;&quot; +</span>\r\n            <span style=\"color:Green\">//                _configuration.RootURL + &quot;Accounts/VerifyEmail.aspx?a=&quot; +</span>\r\n            <span style=\"color:Green\">//                Username.Encrypt(&quot;verify&quot;) + &quot;&lt;/a&gt;&quot;;</span>\r\n\r\n            <span style=\"color:Green\">// 20070915, KRL: Changed to below to resolve &quot;Invalid length for a Base-64 char array.&quot; error,</span>\r\n            <span style=\"color:Green\">// which occurs when server encounters and mangles invalid URL characters</span>\r\n\r\n            <span style=\"color:Blue\">string</span> urlEncodedText = HttpUtility.UrlEncode(Cryptography.Encrypt(Username, <span style=\"color:#A31515\">&quot;verify&quot;</span>));\r\n            \r\n            <span style=\"color:Blue\">string</span> msg = <span style=\"color:#A31515\">&quot;Please click on the link below or paste it into a browser to verify your email account.&lt;BR&gt;&lt;BR&gt;&quot;</span> +\r\n                            <span style=\"color:#A31515\">&quot;&lt;a href=\\&quot;&quot;</span> + _configuration.RootURL + <span style=\"color:#A31515\">&quot;Accounts/VerifyEmail.aspx?a=&quot;</span> +\r\n                            urlEncodedText + <span style=\"color:#A31515\">&quot;\\&quot;&gt;&quot;</span> +\r\n                            _configuration.RootURL + <span style=\"color:#A31515\">&quot;Accounts/VerifyEmail.aspx?a=&quot;</span> +\r\n                            urlEncodedText + <span style=\"color:#A31515\">&quot;&lt;/a&gt;&quot;</span>;\r\n\r\n            SendEmail(To, <span style=\"color:#A31515\">&quot;&quot;</span>, <span style=\"color:#A31515\">&quot;&quot;</span>, <span style=\"color:#A31515\">&quot;Account created! Email verification required.&quot;</span>, msg);\r\n        }\r\n\r\n</pre>\r\n</div>\r\n<p>I hope this is helpful to someone.</p>\r\n<p>Ken</p>\r\n<p>&nbsp;</p>\r\n<p>&nbsp;</p>\r\n<p>&nbsp;</p>",
    "PostedDate": "2009-07-15T12:34:53.977-07:00",
    "UserRole": null,
    "MarkedAsAnswerDate": null
  },
  {
    "Id": "212322",
    "ThreadId": "62538",
    "Html": "<p>Great!&nbsp; Thanks.</p>",
    "PostedDate": "2009-07-15T14:12:19.053-07:00",
    "UserRole": null,
    "MarkedAsAnswerDate": null
  },
  {
    "Id": "219213",
    "ThreadId": "62538",
    "Html": "<p>Thanks <a id=\"ctl00_ctl00_MasterContent_Content_PostRepeater_ctl00_UserNameLink\" href=\"http://www.codeplex.com/site/users/view/kenlewisjr\">kenlewisjr</a>&nbsp;</p>\r\n<p>also need to add :</p>\r\n<div style=\"color:Black;background-color:White\">\r\n<pre><span style=\"color:Blue\">using</span> System.Web;</pre>\r\n<pre>in Email.cs file\r\n</pre>\r\n</div>",
    "PostedDate": "2009-08-04T05:33:37.7-07:00",
    "UserRole": null,
    "MarkedAsAnswerDate": null
  },
  {
    "Id": "219225",
    "ThreadId": "62538",
    "Html": "<p>Another small mistake;</p>\r\n<p>&quot;Accounts&quot; of</p>\r\n<div style=\"color:Black;background-color:White\">\r\n<pre><span style=\"color:Blue\">string</span> msg = <span style=\"color:#A31515\">&quot;Please click on the link below or paste it into a browser to verify your email account.&lt;BR&gt;&lt;BR&gt;&quot;</span> +\r\n                            <span style=\"color:#A31515\">&quot;&lt;a href=\\&quot;&quot;</span> + _configuration.RootURL + <span style=\"color:#A31515\">&quot;Accounts/VerifyEmail.aspx?a=&quot;</span> +\r\n                            urlEncodedText + <span style=\"color:#A31515\">&quot;\\&quot;&gt;&quot;</span> +\r\n                            _configuration.RootURL + <span style=\"color:#A31515\">&quot;Accounts/VerifyEmail.aspx?a=&quot;</span> +\r\n                            urlEncodedText + <span style=\"color:#A31515\">&quot;&lt;/a&gt;&quot;</span>;\r\n\r\n</pre>\r\n</div>\r\n<p>should be take place of &quot;Account&quot;,because the folder name under &quot;FisharooWeb&quot; project &nbsp;is &quot;Account&quot;&nbsp; not &quot;Accounts&quot;.</p>",
    "PostedDate": "2009-08-04T06:16:26.563-07:00",
    "UserRole": null,
    "MarkedAsAnswerDate": null
  },
  {
    "Id": "219277",
    "ThreadId": "62538",
    "Html": "<p>Here's what I noticed. The book uses Account with no &quot;s&quot; while the downloadable code base, which I'm using, uses &quot;Accounts&quot;.</p>\r\n<p>Ken</p>\r\n<p>&nbsp;</p>",
    "PostedDate": "2009-08-04T08:10:36.09-07:00",
    "UserRole": null,
    "MarkedAsAnswerDate": null
  },
  {
    "Id": "219413",
    "ThreadId": "62538",
    "Html": "\r\n<div>Should be accounts though.  Might have been \r\nrefactored in a later chapter.</div>\r\n<div style=\"font:10pt Tahoma\">\r\n<div><br></div>\r\n<div style=\"background:#f5f5f5\">\r\n<div style=\"font-color:black\"><b>From:</b> [email removed] </div>\r\n<div><b>Sent:</b> Tuesday, August 04, 2009 6:16 AM</div>\r\n<div><b>To:</b> [email removed] </div>\r\n<div><b>Subject:</b> Re: Verify Email URL Problem \r\n[community:62538]</div></div></div>\r\n<div><br></div>\r\n\r\n\r\n<p>From: shijiesj</p>\r\n<div id=ThreadNotificationPostBody>\r\n<p>Another small mistake;</p>\r\n<p>&quot;Accounts&quot; of</p>\r\n<div style=\"color:black;background-color:white\"><pre><span style=\"color:blue\">string</span> msg = <span style=\"color:#a31515\">&quot;Please click on the link below or paste it into a browser to verify your email account.<br><br>&quot;</span> +\r\n                            <span style=\"color:#a31515\">&quot;<a href=\"\\&quot;&quot;\"></span> + _configuration.RootURL + <span style=\"color:#a31515\">&quot;Accounts/VerifyEmail.aspx?a=&quot;</span> +\r\n                            urlEncodedText + <span style=\"color:#a31515\">&quot;\\&quot;&gt;&quot;</span> +\r\n                            _configuration.RootURL + <span style=\"color:#a31515\">&quot;Accounts/VerifyEmail.aspx?a=&quot;</span> +\r\n                            urlEncodedText + <span style=\"color:#a31515\">&quot;</a>&quot;</span>;\r\n\r\n</pre></div>\r\n<p>should be take place of &quot;Account&quot;,because the folder name under &quot;FisharooWeb&quot; \r\nproject  is &quot;Account&quot;  not &quot;Accounts&quot;.</p></div>\r\n",
    "PostedDate": "2009-08-04T12:52:20.43-07:00",
    "UserRole": null,
    "MarkedAsAnswerDate": null
  },
  {
    "Id": "245573",
    "ThreadId": "62538",
    "Html": "<p>but in chapter 5 ,when to click the link to verify.</p>\r\n<p>the error：</p>\r\n<p><strong>Source Error:</strong> <br><br></p>\r\n<table border=0 width=\"100%\" bgcolor=\"#ffffcc\">\r\n<tbody>\r\n<tr>\r\n<td><code>\r\n<pre>Line 37: \r\nLine 38:             alert = new Alert();\r\n<span style=\"color:#ff0000\">Line 39:             alert.AccountID = account.AccountID;\r\n</span>Line 40:             alert.CreateDate = DateTime.Now;\r\nLine 41:         }</pre>\r\n</code></td>\r\n</tr>\r\n</tbody>\r\n</table>\r\n<p><br><strong>Source File: </strong>C:\\Projects\\MyFisharoo_Chapter1-3\\trunk\\Source\\FisharooCore\\Core\\Impl\\AlertService.cs<strong> &nbsp;&nbsp; Line: </strong>39 <br><br></p>",
    "PostedDate": "2009-10-14T06:51:46.077-07:00",
    "UserRole": null,
    "MarkedAsAnswerDate": null
  },
  {
    "Id": "437397",
    "ThreadId": "62538",
    "Html": "<p>Hi there I just Adjust my smtp Account inside the app.config of both FisharooCore and FisharooMailQueueProcessor projects , I am using the free smtp service which is provided by Google but unfortunately I didn't get any email from system !!</p>\r\n<p>Should I adjust any tools or other codes ?or is this work with Google smtp service ? please help me to get address of this problem ...</p>\r\n<p>&nbsp;</p>",
    "PostedDate": "2010-04-29T20:42:53.563-07:00",
    "UserRole": null,
    "MarkedAsAnswerDate": null
  },
  {
    "Id": "437400",
    "ThreadId": "62538",
    "Html": "\r\n<div>Google SMTP operates on different ports and \r\nrequires that you specify a handful of custom headers.</div>\r\n<div> </div>\r\n<div><a title=\"http://stackoverflow.com/questions/757987/send-email-via-c-through-google-apps-account&#10;CTRL + Click to follow link\" href=\"http://stackoverflow.com/questions/757987/send-email-via-c-through-google-apps-account\">http://stackoverflow.com/questions/757987/send-email-via-c-through-google-apps-account</a></div>\r\n<div style=\"font:10pt Tahoma\">\r\n<div><br></div>\r\n<div style=\"background:#f5f5f5\">\r\n<div style=\"font-color:black\"><b>From:</b> [email removed] </div>\r\n<div><b>Sent:</b> Thursday, April 29, 2010 8:42 PM</div>\r\n<div><b>To:</b> [email removed] </div>\r\n<div><b>Subject:</b> Re: Verify Email URL Problem \r\n[community:62538]</div></div></div>\r\n<div><br></div>\r\n\r\n\r\n<p>From: saeid3070</p>\r\n<div id=ThreadNotificationPostBody>\r\n<p>Hi there I just Adjust my smtp Account inside the app.config of both \r\nFisharooCore and FisharooMailQueueProcessor projects , I am using the free smtp \r\nservice which is provided by Google but unfortunately I didn't get any email \r\nfrom system !!</p>\r\n<p>Should I adjust any tools or other codes ?or is this work with Google smtp \r\nservice ? please help me to get address of this problem ...</p>\r\n<p> </p></div>\r\n",
    "PostedDate": "2010-04-29T20:52:00.11-07:00",
    "UserRole": null,
    "MarkedAsAnswerDate": null
  },
  {
    "Id": "439743",
    "ThreadId": "62538",
    "Html": "Thanks \r\nI appreciate that ",
    "PostedDate": "2010-05-06T02:37:03.793-07:00",
    "UserRole": null,
    "MarkedAsAnswerDate": null
  }
]