[
  {
    "Id": "201929",
    "ThreadId": "59640",
    "Html": "<p>There's a huge amount of &quot;smarts&quot; in the environment: The creation and configuration of the version control, the build, CruiseControl and CCTray, the likes.</p>\r\n<p>It's not good that this is mixed up with the Fisharoo project as the same project:</p>\r\n<p>1. SOC: Creating and maintaining a development setup is a different concern than a creating and delivering a product.</p>\r\n<p>2. Reuse: The development enviornmet should be reusable across multiple project, concurently!</p>\r\n<p>Mixing the two leads to problems such as project name hard coded into the setup (directory structure), usuage of a build deliverable (Fisharoo.BuildTasks.dll) as part of the build process, different svn:ignore needs.</p>\r\n<p>I think the two shold be separated, and that a separte CodePlex project should be opened.</p>\r\n<p>HTH</p>\r\n<p>Avi</p>",
    "PostedDate": "2009-06-16T01:52:32.407-07:00",
    "UserRole": null,
    "MarkedAsAnswerDate": null
  },
  {
    "Id": "203031",
    "ThreadId": "59640",
    "Html": "<p>Please feel free to start a separate project in codeplex and head up this new direction.&nbsp; Sounds very nice!</p>",
    "PostedDate": "2009-06-18T11:05:08.043-07:00",
    "UserRole": null,
    "MarkedAsAnswerDate": null
  }
]