[
  {
    "Id": "225950",
    "ThreadId": "66511",
    "Html": "<p>I'm creating a social networking site using a combination of the book and the source code and I think both are brilliant. The issue I'm running into is that the &quot;custom homepage&quot; code discussed in the User Profiles section of the book works great with the Visual Studio web server but NOT with IIS (I have IIS 5 on my development machine and IIS 6 on my test server). Basically, it looks like the ASP.NET code is not even processing the URLs (e.g., http://localhost/Fisharoo/klewis). I get an &quot;HTTP 404 - File Not Found&quot; error instead of the nice PageNotFound.aspx page from the code.</p>\r\n<p>I've done some research and it sounds like something along the lines of &quot;wildcard mapping&quot; in IIS may be what I need to force the ASP.NET application to process all URLs. However,  I wanted to see what suggestions others may have for me.</p>\r\n<p>Thanks!</p>\r\n<p>Ken</p>",
    "PostedDate": "2009-08-20T09:57:10.937-07:00",
    "UserRole": null,
    "MarkedAsAnswerDate": null
  },
  {
    "Id": "226043",
    "ThreadId": "66511",
    "Html": "\r\nFor IIS 6 wildcard mapping will fix it for sure.  However, I am not sure if there is a fix for IIS 5!<br><br><div>Andrew Siemer</div>\r\n<div>(661) 722-5960</div>\r\n<div>(661) 600-2355</div>\r\n<div><a href=\"mailto:andrewsiemer@gmail.com\">andrewsiemer@gmail.com</a></div>\r\n<div> </div>\r\n<div>-----[ CHAT ]-----</div>\r\n<div>MSN:asiemer@hotmail.com</div>\r\n<div>YIM:andrewsiemer</div>\r\n<div>GIM:andrewsiemer</div>\r\n<div>AIM:WebOnTheBrain</div>\r\n<div> </div>\r\n<div>-----[ PROFILES ]-----</div>\r\n<div><a href=\"http://www.andrewsiemer.com\">www.andrewsiemer.com</a></div>\r\n<div><a href=\"http://www.linkedin.com/in/andrewsiemer\">www.linkedin.com/in/andrewsiemer</a></div>\r\n<div><a href=\"http://www.myspace.com/andrewsiemer\">www.myspace.com/andrewsiemer</a> </div>\r\n<div><a href=\"http://www.drewsweb.com/RandomImage.htm\"> </a></div><br><br><br><br><hr id=stopSpelling>From: [email removed]<br>To: [email removed]<br>Date: Thu, 20 Aug 2009 09:57:16 -0700<br>Subject: URL Rewriting (for &quot;fancy&quot; URLs) [community:66511]<br><br>\r\n\r\n From: kenlewisjr<br> <div id=\"EC_ThreadNotificationPostBody\">I'm creating a social networking site using a combination of the book and the source code and I think both are brilliant. The issue I'm running into is that the &quot;custom homepage&quot; code discussed in the User Profiles section of the book works great with the Visual Studio web server but NOT with IIS (I have IIS 5 on my development machine and IIS 6 on my test server). Basically, it looks like the ASP.NET code is not even processing the URLs (e.g., http://localhost/Fisharoo/klewis). I get an &quot;HTTP 404 - File Not Found&quot; error instead of the nice PageNotFound.aspx page from the code.<br>\r\nI've done some research and it sounds like something along the lines of &quot;wildcard mapping&quot; in IIS may be what I need to force the ASP.NET application to process all URLs. However,  I wanted to see what suggestions others may have for me.<br>\r\nThanks!<br>\r\nKen<br></div> <br><hr>Get back to school stuff for them and cashback for you. <a href=\"http://www.bing.com/cashback?form=MSHYCB&publ=WLHMTAG&crea=TEXT_MSHYCB_BackToSchool_Cashback_BTSCashback_1x1\">Try BingT now.</a>",
    "PostedDate": "2009-08-20T14:09:37.443-07:00",
    "UserRole": null,
    "MarkedAsAnswerDate": null
  },
  {
    "Id": "226378",
    "ThreadId": "66511",
    "Html": "<p>Hi Andrew,</p>\r\n<p>I added wildcard mapping and got the nicer PageNotFound.aspx response, which told me that the request was at least being handled by the URLRewrite code! I was then able to modify the code to handle the issues I was running into.</p>\r\n<p>The great news is that now I have something that should work in both my development and eventual production environments.</p>\r\n<p>Thanks for your response which encouraged me to stay on the wildcard mapping path.</p>\r\n<p>Ken</p>\r\n<p>&nbsp;</p>",
    "PostedDate": "2009-08-21T08:48:57.317-07:00",
    "UserRole": null,
    "MarkedAsAnswerDate": null
  },
  {
    "Id": "245554",
    "ThreadId": "66511",
    "Html": "<p>hi,<a id=\"ctl00_ctl00_MasterContent_Content_PostRepeater_ctl04_UserNameLink\" href=\"http://www.codeplex.com/site/users/view/kenlewisjr\">kenlewisjr</a></p>\r\n<p>can you tell me the details how to fix it?</p>\r\n<p>thx a lot!</p>",
    "PostedDate": "2009-10-14T06:10:04.24-07:00",
    "UserRole": null,
    "MarkedAsAnswerDate": null
  },
  {
    "Id": "245712",
    "ThreadId": "66511",
    "Html": "<p>I'd be happy to. Now, are you referring to the wildcard mapping or the URLRewrite code or both?</p>\r\n<p>Ken</p>\r\n<p>&nbsp;</p>",
    "PostedDate": "2009-10-14T11:49:58.88-07:00",
    "UserRole": null,
    "MarkedAsAnswerDate": null
  },
  {
    "Id": "246057",
    "ThreadId": "66511",
    "Html": "<p>both will be perfect!</p>\r\n<p>thanks for you guide.</p>\r\n<p>&nbsp;</p>",
    "PostedDate": "2009-10-15T07:21:05.49-07:00",
    "UserRole": null,
    "MarkedAsAnswerDate": null
  },
  {
    "Id": "255618",
    "ThreadId": "66511",
    "Html": "<p>Sorry it has taken me so long to respond - I was out of town and got swamped with work.</p>\r\n<p>For wildcard mapping do a web search for your IIS version. I'm using IIS 5 for my dev machine and IIS 6 for the test server.</p>\r\n<p>Now, for the URLRewrite.cs changes you'll want to debug your code while the web server is running. For that you need to use &quot;Attach to Process...&quot; (do a web search on this, too) from the debug menu in VS while your site is running against IIS. This will allow you to walk through the code and see why it's not behaving the way you want. I made my code changes based on my own code walk through.</p>\r\n<p>I inserted the following starting at line 68 (after the foreach and before #region BLOGS):</p>\r\n<p>\r\n<div style=\"color:Black;background-color:White\">\r\n<pre>            <span style=\"color:Blue\">string</span> path = application.Request.PhysicalPath;\r\n            <span style=\"color:Blue\">bool</span> pathExists = System.IO.File.Exists(path);\r\n\r\n            <span style=\"color:Blue\">if</span> (!pathExists) <span style=\"color:Green\">// see if it exists after adding Default.aspx (in the case of folder paths)</span>\r\n            {\r\n                <span style=\"color:Blue\">if</span> (!path.ToLower().Contains(<span style=\"color:#A31515\">&quot;default.aspx&quot;</span>)) <span style=\"color:Green\">// add default here since not added in IIS though fine with VS web server</span>\r\n                {\r\n                    <span style=\"color:Blue\">string</span> page = <span style=\"color:#A31515\">&quot;Default.aspx&quot;</span>;\r\n\r\n                    <span style=\"color:Green\">//if (!path.EndsWith(&quot;/&quot;)) // Add forward slash</span>\r\n                    <span style=\"color:Green\">//    page = &quot;/&quot; + page; ;</span>\r\n\r\n                    pathExists = System.IO.File.Exists(path + page);\r\n                    <span style=\"color:Blue\">if</span> (pathExists)\r\n                        context.Response.Redirect(application.Request.Path + page);\r\n                }\r\n            }\r\n\r\n            <span style=\"color:Blue\">if</span> (!pathExists)\r\n            {\r\n\r\n</pre>\r\n</div>\r\n</p>\r\n<p>Then, after the else in #region PROFILES (now line 206) I added:</p>\r\n<p>\r\n<div style=\"color:Black;background-color:White\">\r\n<pre>                    <span style=\"color:Green\">// Get the path of the virtual directory which will be extracted</span>\r\n                    <span style=\"color:Green\">// to leave just the user name</span>\r\n                    <span style=\"color:Blue\">string</span> appPath = application.Request.ApplicationPath;\r\n\r\n                    <span style=\"color:Blue\">string</span> username = application.Request.Path.Replace(appPath, <span style=\"color:#A31515\">&quot;&quot;</span>);\r\n                    username = username.Replace(<span style=\"color:#A31515\">&quot;/&quot;</span>, <span style=\"color:#A31515\">&quot;&quot;</span>);\r\n                    \r\n\r\n</pre>\r\n</div>\r\n</p>\r\n<p>I hope this helps!</p>\r\n<p>Ken</p>\r\n<p>&nbsp;</p>",
    "PostedDate": "2009-11-10T10:18:58.523-08:00",
    "UserRole": null,
    "MarkedAsAnswerDate": null
  }
]