[
  {
    "Id": "571211",
    "ThreadId": "247343",
    "Html": "\r\n<p><span title=\"galera, na pagina 66, começa a classe log.\">guys, on page 66, begins the class log.&nbsp;<br>\r\n</span><span title=\"Porem o método OutputDebugStringAppender não é encontrado no log4net.ddl.\">But the method OutputDebugStringAppender&nbsp;is not found in log4net.ddl.&nbsp;<br>\r\n</span><span title=\"Já tentei com a versão 85, 90, 91.\">I've tried with NAnt version 85, 90, 91.&nbsp;<br>\r\n</span><span title=\"O que posso fazer?\">What can I do?&nbsp;<br>\r\n<br>\r\n</span><span title=\"Obrigado\">Thanks</span></p>\r\n",
    "PostedDate": "2011-02-23T18:05:57.643-08:00",
    "UserRole": null,
    "MarkedAsAnswerDate": null
  },
  {
    "Id": "572776",
    "ThreadId": "247343",
    "Html": "<p><span title=\"consegui!\">Got it!&nbsp;</span></p>\r\n<p><span title=\"peguei a dll do site\">I got the dll in this site&nbsp;<a href=\"http://logging.apache.org/log4net/download.html\">http://logging.apache.org/log4net/download.html</a></span></p>",
    "PostedDate": "2011-02-27T05:22:27.603-08:00",
    "UserRole": null,
    "MarkedAsAnswerDate": null
  }
]