[
  {
    "Id": "204601",
    "ThreadId": "60417",
    "Html": "<p>Are there any db create scripts available?&nbsp; I have limited access to my hosting db environment and don't know a way I can create the database from the .mdf file.&nbsp; Am I missing something?&nbsp; Also, is this the same DB schema as used by the MVC Community project?</p>\r\n<p>Thanks,</p>\r\n<p>Trevor</p>",
    "PostedDate": "2009-06-23T10:48:22.51-07:00",
    "UserRole": null,
    "MarkedAsAnswerDate": null
  },
  {
    "Id": "204617",
    "ThreadId": "60417",
    "Html": "<p>This project is 100% different from the MVC project (well...mostly).&nbsp; There may be similarities here and there but I wouldn't count on it directly.&nbsp; Each communities purpose is different.&nbsp; This community project follows along with my book using the MVP pattern for the presentation tier.&nbsp; The MVC project uses the MVC pattern for the presentation tier.&nbsp; The only real overlapping places is in some of the business layer with regards to the services layer.&nbsp; Any generic concepts in the back end that map to the service layer would of course be similar too!</p>\r\n<p>I will see if I can generate a create script for you for this database.</p>\r\n<p>Along with that we will also need some data generation scripts too!</p>\r\n<p>A tool you might use (if you can't wait for the scripts) is from Hugati (http://www.huagati.com/dbmltools/).&nbsp; This is a plugin for Visual Studio that will generate the create scripts from the LINQ to SQL designer.&nbsp; Very nice tool...and a must have.&nbsp; You can also look at this: http://blog.socialnetworkingin.net/archive/2009/04/22/huagati-dbmledmx-tools.aspx</p>",
    "PostedDate": "2009-06-23T11:39:21.7-07:00",
    "UserRole": null,
    "MarkedAsAnswerDate": null
  },
  {
    "Id": "204619",
    "ThreadId": "60417",
    "Html": "<p>Thanks for replying.</p>\r\n<p>I'll check out these resources.&nbsp; Would you say that this project is further developed that the MVC one?&nbsp; If so, I may try to develop an MVC tier for this project.</p>\r\n<p>-Trevor</p>",
    "PostedDate": "2009-06-23T11:46:17.913-07:00",
    "UserRole": null,
    "MarkedAsAnswerDate": null
  },
  {
    "Id": "204620",
    "ThreadId": "60417",
    "Html": "<p>Here is the tables, procs, and functions!&nbsp; <a title=\"http://community.codeplex.com/SourceControl/changeset/view/22792#368900\" href=\"http://community.codeplex.com/SourceControl/changeset/view/22792#368900\">http://community.codeplex.com/SourceControl/changeset/view/22792#368900</a></p>\r\n<p>This site is pretty much completely built.&nbsp; The only thing that is really missing are tests around the code and the admin portal (for what ever you need).&nbsp; The site is fully operational though.&nbsp; This code was written for the book that I wrote called ASP.NET 3.5 Social Networking.&nbsp; So if there is something you don't understand take a look at forum.socialnetworkingin.net and/or the book!</p>",
    "PostedDate": "2009-06-23T11:50:59.823-07:00",
    "UserRole": null,
    "MarkedAsAnswerDate": null
  },
  {
    "Id": "205078",
    "ThreadId": "60417",
    "Html": "<p>Thanks.&nbsp; I ran the script and got a few errors.&nbsp; But the DB did get created and does seem to be in tact.&nbsp; Sorry didn't capture errors.</p>",
    "PostedDate": "2009-06-24T10:19:16.477-07:00",
    "UserRole": null,
    "MarkedAsAnswerDate": null
  },
  {
    "Id": "206490",
    "ThreadId": "60417",
    "Html": "<p>Shouldn't this script be a part of the Fisharoo.build file?</p>",
    "PostedDate": "2009-06-29T01:20:34.397-07:00",
    "UserRole": null,
    "MarkedAsAnswerDate": null
  }
]