[
  {
    "Id": "201556",
    "ThreadId": "59535",
    "Html": "<p>The Accounts table has a foreign key to the Terms table. This caused adding an account to fail.</p>\r\n<p>Change code as follows:</p>\r\n<p>&nbsp;</p>\r\n<p>\r\n<p>&nbsp;&nbsp; &nbsp; &nbsp; &nbsp;[Test]<br><strong>&nbsp;&nbsp; &nbsp; &nbsp; &nbsp;[ExpectedExceptionAttribute(typeof(System.Data.SqlClient.SqlException))]<br></strong>&nbsp;&nbsp; &nbsp; &nbsp; &nbsp;public void ShouldFailToSaveAnAccountWithoutTerms()</p>\r\n<p>&nbsp;&nbsp; &nbsp; &nbsp; &nbsp;{</p>\r\n<p><span style=\"white-space:pre\"> </span>// Copy code from old&nbsp;ShouldSaveAnAccount.</p>\r\n<p>&nbsp;&nbsp; &nbsp; &nbsp; &nbsp;}</p>\r\n<p>&nbsp;&nbsp; &nbsp; &nbsp; &nbsp;[Test]<br>&nbsp;&nbsp; &nbsp; &nbsp; &nbsp;public void ShouldSaveAnAccount()<br>&nbsp;&nbsp; &nbsp; &nbsp; &nbsp;{</p>\r\n<p>&nbsp;&nbsp; &nbsp; &nbsp; &nbsp; &nbsp; &nbsp;<span style=\"white-space:pre\"> </span>using (FisharooDataContext fdc = conn.GetContext())<br>&nbsp;&nbsp; &nbsp; &nbsp; &nbsp; &nbsp; &nbsp;<span style=\"white-space:pre\"> </span>{</p>\r\n<p><span style=\"white-space:pre\"> </span>// Same as today</p>\r\n<p>&nbsp; &nbsp; &nbsp; &nbsp; &nbsp; &nbsp; &nbsp; &nbsp;<span style=\"white-space:pre\"> </span>a.Email = &quot;asiemer@hotmail.com&quot;;</p>\r\n<p>&nbsp;&nbsp; &nbsp; &nbsp; &nbsp; &nbsp; &nbsp; &nbsp; &nbsp;<span style=\"white-space:pre\"> </span><strong>a.TermID = 1;</strong></p>\r\n<p>&nbsp;&nbsp; &nbsp; &nbsp; &nbsp; &nbsp; &nbsp; &nbsp; &nbsp;<span style=\"white-space:pre\"> </span>fdc.Accounts.InsertOnSubmit(a);</p>\r\n<p>\r\n<p><span style=\"white-space:pre\"> </span>// Same as today</p>\r\n<p><span style=\"white-space:pre\"> </span>}</p>\r\n<p><span style=\"white-space:pre\"> </span>}</p>\r\n<div></div>\r\n</p>\r\n</p>",
    "PostedDate": "2009-06-15T05:57:09.013-07:00",
    "UserRole": null,
    "MarkedAsAnswerDate": null
  },
  {
    "Id": "203033",
    "ThreadId": "59535",
    "Html": "<p>The test package is something that needs to be rounded out.&nbsp; It has had no attention at all!&nbsp; Please feel free to provide the fixes to this if you are so inclined!</p>",
    "PostedDate": "2009-06-18T11:06:24.263-07:00",
    "UserRole": null,
    "MarkedAsAnswerDate": null
  }
]