[
  {
    "Id": "201388",
    "ThreadId": "59487",
    "Html": "<p>\r\n<p>In order to create a local Subversion repository (i.e. not the one on CodePlex), and check in after build, this is what I had to do:</p>\r\n<p>1) Fixed references to Microsfot.Office.Interop.Outlook and Microsoft.Office.Core in FisharooCore, FisharooOutlookImporter and FisharooOutlookImporterTester&nbsp;</p>\r\n<p>2) Commented out the code in FisharooCoreTests\\Core\\Impl\\CacheTester.cs (some problem with no Cache object created, even though the class isn't Static).</p>\r\n<p>3) Modified FisharooWeb\\FisharooWeb.csproj. File from CodePlex contained references to &quot;Interface\\.svn&quot; which caused that directory tree to be created during build, and much pain with Subversion.</p>\r\n</p>\r\n<p>HTH</p>\r\n<p>Avi</p>",
    "PostedDate": "2009-06-14T17:29:29.067-07:00",
    "UserRole": null,
    "MarkedAsAnswerDate": null
  },
  {
    "Id": "201508",
    "ThreadId": "59487",
    "Html": "<p>Re 2 (CacheTester), I think the problem is that the book treats the Cache class's methods as static, while the CodePlex's Cache class's methods aren't.</p>\r\n<p>HTH&nbsp;</p>\r\n<p>Avi</p>",
    "PostedDate": "2009-06-15T02:51:12.02-07:00",
    "UserRole": null,
    "MarkedAsAnswerDate": null
  }
]