[
  {
    "Id": "1244172",
    "ThreadId": "545028",
    "Html": "POS software have been helping business owners run their businesses smoothly. And today, convenience has reached greater heights with the introduction of <strong><a href=\"http://kroid.net/\" rel=\"nofollow\">POS Software</a></strong> in the android system. Now, transactions can be easily done with the use of handheld gadgets such as smartphones or tablets. Truly, this innovation will be an excellent tool for entrepreneurs all over the world. <br />\n",
    "PostedDate": "2014-05-11T18:31:51.07-07:00",
    "UserRole": null,
    "MarkedAsAnswerDate": null
  }
]