[
  {
    "Id": "56018",
    "Title": "exclude certain files and folders from source",
    "LatestDate": "2009-05-12T03:00:22.073-07:00"
  },
  {
    "Id": "59478",
    "Title": "Be Sure to Preserve Path",
    "LatestDate": "2009-06-14T13:47:17.293-07:00"
  },
  {
    "Id": "59487",
    "Title": "Necessary Changes?",
    "LatestDate": "2009-06-15T02:51:12.02-07:00"
  },
  {
    "Id": "59518",
    "Title": "First Build Fails",
    "LatestDate": "2009-06-18T11:07:59.403-07:00"
  },
  {
    "Id": "59535",
    "Title": "AccountRespoitoryTester tests failed",
    "LatestDate": "2009-06-18T11:06:24.263-07:00"
  },
  {
    "Id": "59640",
    "Title": "Evnironment setup should be a separte project",
    "LatestDate": "2009-06-18T11:05:08.043-07:00"
  },
  {
    "Id": "60417",
    "Title": "DB Create Scripts",
    "LatestDate": "2009-06-29T01:20:34.397-07:00"
  },
  {
    "Id": "62538",
    "Title": "Verify Email URL Problem",
    "LatestDate": "2010-05-06T02:37:03.793-07:00"
  },
  {
    "Id": "66511",
    "Title": "URL Rewriting (for \"fancy\" URLs)",
    "LatestDate": "2009-11-10T10:18:58.523-08:00"
  },
  {
    "Id": "70890",
    "Title": "Potential script injection danger with Event validation turned False!",
    "LatestDate": "2009-10-03T00:53:14.18-07:00"
  },
  {
    "Id": "226036",
    "Title": "sechiramtsu1470",
    "LatestDate": "2010-09-03T20:44:44.19-07:00"
  },
  {
    "Id": "247343",
    "Title": "log4net",
    "LatestDate": "2011-02-27T05:22:27.603-08:00"
  },
  {
    "Id": "253654",
    "Title": "ASP.Net 4.0 Social Networking",
    "LatestDate": "2011-04-12T20:02:49.773-07:00"
  },
  {
    "Id": "274001",
    "Title": "Convert proyect in MVP to MVC",
    "LatestDate": "2011-09-27T09:16:24.36-07:00"
  },
  {
    "Id": "277722",
    "Title": "GumBark [C#.net Online Dating Personals]",
    "LatestDate": "2011-10-31T00:11:26.04-07:00"
  },
  {
    "Id": "358088",
    "Title": "Bug!",
    "LatestDate": "2012-06-02T10:27:52.363-07:00"
  },
  {
    "Id": "544389",
    "Title": "Wholesale Clothing Buying Tips",
    "LatestDate": "2014-05-05T21:03:10.117-07:00"
  },
  {
    "Id": "545028",
    "Title": "Easy to use POS software for android",
    "LatestDate": "2014-05-11T18:31:51.07-07:00"
  },
  {
    "Id": "545393",
    "Title": "How to use POS Sofware",
    "LatestDate": "2014-05-14T17:55:13.457-07:00"
  }
]