[
  {
    "Id": "843891",
    "ThreadId": "358088",
    "Html": "\r\n<p>It's return true anyway!</p>\r\n<p></p>\r\n<div style=\"color:black; background-color:white\">\r\n<pre>            <span style=\"color:blue\">bool</span> result = <span style=\"color:blue\">false</span>;\r\n            <span style=\"color:blue\">using</span> (FisharooDataContext dc = conn.GetContext())\r\n            {\r\n                <span style=\"color:blue\">if</span> (dc.Gags.Where(g =&gt; g.AccountID == AccountID &amp;&amp; g.GagUntilDate &gt; DateTime.Now).FirstOrDefault() != <span style=\"color:blue\">null</span>)\r\n                {\r\n                    result = <span style=\"color:blue\">true</span>;\r\n                }\r\n            }\r\n            <span style=\"color:blue\">return</span> <span style=\"color:blue\">true</span>;\r\n</pre>\r\n</div>\r\n<p></p>\r\n",
    "PostedDate": "2012-06-02T10:27:52.363-07:00",
    "UserRole": null,
    "MarkedAsAnswerDate": null
  }
]