[
  {
    "Id": "241603",
    "ThreadId": "70890",
    "Html": "<p>There are some pages, which contain the embedded Xinha textbox control, on which EventValidation is turned False. My question is that with this attribute turned off could there be a potential risk of Script injection in the code? If yes, then shouldnt we use HtmlEncode to convert the text string first before we save it to our database?</p>",
    "PostedDate": "2009-10-03T00:53:14.18-07:00",
    "UserRole": null,
    "MarkedAsAnswerDate": null
  }
]