[
  {
    "Id": "1245578",
    "ThreadId": "545393",
    "Html": "A POS Software system doesn't just replace your cash register. All a cash register does is show your cash flow for the day. It can't provide any insight into profit, inventory or best selling products. A computerized cash register, on the other hand, can instantly tell you how much money you have left in your cash drawer, and how much of that money is profit. For more information visit our Website <a href=\"http://kroid.net/\" rel=\"nofollow\">http://kroid.net/</a> .<br />\n",
    "PostedDate": "2014-05-14T17:55:13.457-07:00",
    "UserRole": null,
    "MarkedAsAnswerDate": null
  }
]