[
  {
    "Id": "189191",
    "ThreadId": "56018",
    "Html": "<p>you should exclude certain things from the repository.</p>\r\n<p>Here is a list of things that I ignore and don't check into source:</p>\r\n<p><span style=\"font-family:tahoma\">\r\n<pre style=\"font-size:small;color:black;font-family:Consolas, 'Courier New', Courier, monospace;background-color:#ffffff;padding:4px;margin:0px\">*.resharper\r\n*.suo\r\n*.user\r\nbin\r\nobj\r\n*.resharperoptions\r\n*.db\r\n*.bak\r\n*_ReSharper*\r\n*.snk\r\nTestResults</pre>\r\n<pre style=\"font-size:small;color:black;font-family:Consolas, 'Courier New', Courier, monospace;background-color:#ffffff;padding:4px;margin:0px\">there could be more, but this is a pretty good list to start with</pre>\r\n</span></p>",
    "PostedDate": "2009-05-12T03:00:22.073-07:00",
    "UserRole": null,
    "MarkedAsAnswerDate": null
  }
]