[
  {
    "Id": "201512",
    "ThreadId": "59518",
    "Html": "<p>\r\n<p>VS build now works with no errors, but NAnt's one (from ClickToBuild.bat) still doesn't.</p>\r\n<p>The NAnt &quot;build&quot; target depends on setConnstringToLocalDB, compile, buildDatabaseLocal, fisharooCoreTests and fisharooWebTests.</p>\r\n<p>I think that the problem is that buildDataBaseLocal depends on dropDatabase&quot;, and that dropDatabase fails on the first time because the Fisharoo database is not attached, so that build fails.</p>\r\n<p>My solution was &nbsp;to chage the dropDatabase failoneerror to false.</p>\r\n</p>\r\n<p>HTH</p>\r\n<p>Avi</p>",
    "PostedDate": "2009-06-15T02:59:33.35-07:00",
    "UserRole": null,
    "MarkedAsAnswerDate": null
  },
  {
    "Id": "203034",
    "ThreadId": "59518",
    "Html": "<p>Yes - one must first clickToBuildDatabase (I think that is the name).&nbsp; This initializes the db.&nbsp; Then you can do the clickToBuild.</p>",
    "PostedDate": "2009-06-18T11:07:59.403-07:00",
    "UserRole": null,
    "MarkedAsAnswerDate": null
  }
]