{
  "WorkItem": {
    "AffectedComponent": {
      "Name": "",
      "DisplayName": ""
    },
    "ClosedComment": "",
    "ClosedDate": null,
    "CommentCount": 0,
    "Custom": null,
    "Description": "Pagination does not work in Mail Inbox page.\nWhen a number of items in Inbox more then could be displayed on one page then \"1\" \"2\" \"Next\" links are displayed - but they do not work.\n \nDefect root: \"page\" attribute defined in WebContext wrapper as \"PageNumber\" string but referenced as \"page\"\n \nI could check in the fixed file if I will have a permition.\n \nLeonid",
    "LastUpdatedDate": "2013-06-14T00:45:07.04-07:00",
    "PlannedForRelease": "",
    "ReleaseVisibleToPublic": false,
    "Priority": {
      "Name": "Low",
      "Severity": 50,
      "Id": 1
    },
    "ProjectName": "community",
    "ReportedDate": "2009-05-15T05:03:35.863-07:00",
    "Status": {
      "Name": "Resolved",
      "Id": 7
    },
    "ReasonClosed": {
      "Name": "Unassigned"
    },
    "Summary": "Defect: Pagination does not work in Mail Inbox page",
    "Type": {
      "Name": "Issue",
      "Id": 3
    },
    "VoteCount": 1,
    "Id": 1260
  },
  "FileAttachments": [],
  "Comments": [
    {
      "Message": "Lunia,\r\n\r\nI do not think anyone is monitoring this forum. Maybe we should leave a message at\r\nhttp://forum.socialnetworkingin.net/\r\n\r\nAvi",
      "PostedDate": "2009-06-15T02:24:35.433-07:00",
      "Id": -2147483648
    },
    {
      "Message": "I am now monitoring this!  To get access to check in I will have to grant accounts such rights.  Give me a second.",
      "PostedDate": "2009-06-23T12:25:11.023-07:00",
      "Id": -2147483648
    },
    {
      "Message": "Leonidg - you are now a developer on this project.  Feel free to commit as you wish!",
      "PostedDate": "2009-06-23T12:27:42.693-07:00",
      "Id": -2147483648
    },
    {
      "Message": "",
      "PostedDate": "2009-06-24T05:06:03.51-07:00",
      "Id": -2147483648
    },
    {
      "Message": "",
      "PostedDate": "2009-06-24T05:06:33.157-07:00",
      "Id": -2147483648
    },
    {
      "Message": "I checked in the fix. \r\nFile:  ..\\Source\\FisharooWeb\\Mail\\Default.aspx.cs\r\n\r\nLeonid",
      "PostedDate": "2009-06-24T05:09:21.213-07:00",
      "Id": -2147483648
    },
    {
      "Message": "",
      "PostedDate": "2013-02-13T18:59:20.6-08:00",
      "Id": -2147483648
    },
    {
      "Message": "",
      "PostedDate": "2013-05-15T23:46:55.023-07:00",
      "Id": -2147483648
    },
    {
      "Message": "",
      "PostedDate": "2013-05-15T23:46:55.54-07:00",
      "Id": -2147483648
    },
    {
      "Message": "",
      "PostedDate": "2013-06-14T00:45:07.04-07:00",
      "Id": -2147483648
    }
  ]
}