{
  "WorkItem": {
    "AffectedComponent": {
      "Name": "",
      "DisplayName": ""
    },
    "ClosedComment": "",
    "ClosedDate": null,
    "CommentCount": 0,
    "Custom": null,
    "Description": "Hi \nI am doing the social network fallowing by code and book but in Registration part when the system send the verification mail to the registered email and when I click on sent link the system is redirecting me to the Cryptography.cs and show an error with the content ( Invalid Length for a base-64 char array ). please help mo to solve this error \nthanks",
    "LastUpdatedDate": "2013-02-13T18:59:19.797-08:00",
    "PlannedForRelease": "",
    "ReleaseVisibleToPublic": false,
    "Priority": {
      "Name": "Low",
      "Severity": 50,
      "Id": 1
    },
    "ProjectName": "community",
    "ReportedDate": "2010-07-01T07:23:40.84-07:00",
    "Status": {
      "Name": "Proposed",
      "Id": 1
    },
    "ReasonClosed": {
      "Name": "Unassigned"
    },
    "Summary": "Verification Email Error",
    "Type": {
      "Name": "Issue",
      "Id": 3
    },
    "VoteCount": 1,
    "Id": 4719
  },
  "FileAttachments": [
    {
      "FileId": 1612,
      "FileName": "error in cryptography.jpg",
      "DownloadUrl": ".\\1612"
    }
  ],
  "Comments": []
}