{
  "WorkItem": {
    "AffectedComponent": {
      "Name": "",
      "DisplayName": ""
    },
    "ClosedComment": "",
    "ClosedDate": null,
    "CommentCount": 0,
    "Custom": null,
    "Description": "The trunk\\Databases\\VersionedCopy\\Fisharoo.mdf file, even at version 22875, does not contain a dbo.Tags table. Consequently the program crashes on startup in TagRepository.GetTagsGlobal with an exception \"Invalid object name dbl.Tags\".",
    "LastUpdatedDate": "2013-02-13T18:59:20.44-08:00",
    "PlannedForRelease": "",
    "ReleaseVisibleToPublic": false,
    "Priority": {
      "Name": "Low",
      "Severity": 50,
      "Id": 1
    },
    "ProjectName": "community",
    "ReportedDate": "2009-06-29T01:52:44.12-07:00",
    "Status": {
      "Name": "Proposed",
      "Id": 1
    },
    "ReasonClosed": {
      "Name": "Unassigned"
    },
    "Summary": "Database does not contain Tags table",
    "Type": {
      "Name": "Issue",
      "Id": 3
    },
    "VoteCount": 1,
    "Id": 1673
  },
  "FileAttachments": [],
  "Comments": [
    {
      "Message": "My solution which allowed to project to compile was to use the DBCreateScript to build the versioned \r\ndatabases:\r\n//////////////////////////////////////////////////////////////////////////////////////////////////////////////////////////\r\nNew File ${database.dir}/CreateVersionedCopy.sql\r\n/*** Avi Start */\r\nUSE master;\r\nGO\r\nIF DB_ID (N'Fisharoo') IS NOT NULL\r\nDROP DATABASE Fisharoo;\r\nGO\r\n\r\nDECLARE @data_path nvarchar(256);\r\nSET @data_path = 'C:\\Projects\\Fisharoo\\trunk\\Databases\\VersionedCopy\\'\r\n\r\nEXECUTE ('CREATE DATABASE Fisharoo\r\nON \r\n( NAME = Fisharoo_dat,\r\n    FILENAME = '''+ @data_path + 'Fisharoo.mdf'',\r\n    SIZE = 10,\r\n    MAXSIZE = 50,\r\n    FILEGROWTH = 5 )\r\nLOG ON\r\n( NAME = Fisharoo_log,\r\n    FILENAME = '''+ @data_path + 'Fisharoo_log.ldf'',\r\n    SIZE = 5MB,\r\n    MAXSIZE = 25MB,\r\n    FILEGROWTH = 5MB )'\r\n);\r\nGO\r\n/*** Avi End */\r\n//////////////////////////////////////////////////////////////////////////////////////////////////////////////////////////\r\nIn Fisharoo.build\r\n  <!--Avi Start-->\r\n  <target name=\"buildDatabaseVersionedFromScript\" depends=\"dropDatabaseJustInCase, \r\n          deleteVersionedDatabaseFiles, createVersionedDatabase\">\r\n    <echo message=\"#### FINISHED ALL DEPENDS OF TARGET - buildDatabaseLocal ####\"/>\r\n  </target>\r\n  <!--Avi End-->\r\n    <!--Avi Start-->\r\n  <target name=\"deleteVersionedDatabaseFiles\">\r\n    <echo message=\"#### TARGET - deleteVersionedDatabaseFiles ####\"/>\r\n    <echo message=\"Deleting your versioned database files\"/>\r\n    <delete verbose=\"true\">\r\n      <fileset basedir=\"${versioneddatabase.dir}\">\r\n        <include name=\"*.mdf\"/>\r\n        <include name=\"*.ldf\"/>\r\n      </fileset>\r\n    </delete>\r\n  </target>\r\n\r\n  <target name=\"createVersionedDatabase\" >\r\n    <echo message=\"#### TARGET - createVersionedDatabase ####\" />\r\n    <echo message=\"     Creating the versioned copy database \"/>\r\n    <exec failonerror=\"true\" verbose=\"true\" program=\"osql\" \r\n          commandline=\"-b -n -S ${database.server.development} -E -i&quot;${database.dir}\\CreateVersionedCopy.sql&quot;\" />\r\n    <echo message=\"     Building the contents of the versioned copy database \"/>\r\n    <exec failonerror=\"true\" verbose=\"true\" program=\"osql\"\r\n          commandline=\"-b -n -S ${database.server.development} -E -i&quot;${database.dir}\\DBCreateScript.sql&quot;\" />\r\n  </target>\r\n  <!--Avi End-->\r\n  <!--Avi Start-->\r\n  <target name=\"dropDatabaseJustInCase\">\r\n    <echo message=\"#### TARGET - dropDatabaseJustInCase ####\"/>\r\n    <echo message=\"Dropping database ${database.name} of server $(database.server.development)\"/>\r\n    <exec failonerror=\"false\" verbose=\"true\" program=\"osql\" commandline=\"-b -n -S ${database.server.development} -E -i&quot;${database.dir}\\KillProcessesUsingFisharoo.sql&quot; -d master\" />\r\n    <exec failonerror=\"false\" verbose=\"true\" program=\"osql\" commandline=\"-b -n -S ${database.server.development} -E -i&quot;${database.dir}\\DropFisharoo.sql&quot; -d master\" />\r\n  </target>\r\n  <!--Avi End-->\r\n//////////////////////////////////////////////////////////////////////////////////////////////////////////////////////////\r\n\r\n\r\n\r\n\r\n\r\n\r\n\r\n\r\n\r\n\r\n\r\n\r\n\r\n\r\n\r\n\r\n\r\n\r\n\r\n\r\n\r\n",
      "PostedDate": "2009-06-29T05:57:21.493-07:00",
      "Id": -2147483648
    },
    {
      "Message": "",
      "PostedDate": "2013-02-13T18:59:20.44-08:00",
      "Id": -2147483648
    }
  ]
}