{
  "WorkItem": {
    "AffectedComponent": {
      "Name": "",
      "DisplayName": ""
    },
    "ClosedComment": "",
    "ClosedDate": null,
    "CommentCount": 0,
    "Custom": null,
    "Description": "Msg 154, Level 15, State 1, Server VS\\SQLEXPRESS, Procedure pr_MailQueue_SwapReceivingAndWorking_GetWorking, Line 34\n     [exec] a USE database statement is not allowed in a procedure, function or trigger.",
    "LastUpdatedDate": "2013-02-13T18:59:20.26-08:00",
    "PlannedForRelease": "",
    "ReleaseVisibleToPublic": false,
    "Priority": {
      "Name": "Low",
      "Severity": 50,
      "Id": 1
    },
    "ProjectName": "community",
    "ReportedDate": "2009-06-29T05:32:29.927-07:00",
    "Status": {
      "Name": "Proposed",
      "Id": 1
    },
    "ReasonClosed": {
      "Name": "Unassigned"
    },
    "Summary": "A problem in DBCreateScript",
    "Type": {
      "Name": "Issue",
      "Id": 3
    },
    "VoteCount": 1,
    "Id": 1674
  },
  "FileAttachments": [],
  "Comments": []
}