<?xml version="1.0"?>
<doc>
    <assembly>
        <name>FluentValidation.Mvc</name>
    </assembly>
    <members>
        <member name="T:FluentValidation.WebApi.FluentValidationBodyModelValidator">
            <summary>
            Recursively validate an object.
            Is just a copy of the DefaultBodyModelValidator but includes a "patch" for the FluentValidationModelValidator
            When the whole model is validated the errors get added to the ModelState grouped by property instead of all under
            the model. It also changes the check of previous errors to avoid missing error messages when there are bind errors
            If the FluentValidationModelValidator is not used to validate, fallbacks to the DefaultBodyModelValidator behaviour
            Another difference is that the IModelValidatorCache had to be removed because it's internal to the asp net framework
            (affects performance but not the behaviour)
            </summary>
        </member>
        <member name="M:FluentValidation.WebApi.FluentValidationModelValidatorProvider.Configure(System.Action{FluentValidation.WebApi.FluentValidationModelValidatorProvider})">
            <summary>
            Initializes the FluentValidationModelValidatorProvider using the default options and adds it in to the ModelValidatorProviders collection.
            </summary>
        </member>
        <member name="M:FluentValidation.Mvc.CustomizeValidatorAttribute.ToValidatorSelector">
            <summary>
            Builds a validator selector from the options specified in the attribute's properties.
            </summary>
        </member>
        <member name="T:FluentValidation.Mvc.FluentValidationModelValidator">
            <summary>
            ModelValidator implementation that uses FluentValidation.
            </summary>
        </member>
        <member name="T:FluentValidation.Mvc.FluentValidationModelValidatorProvider">
            <summary>
            Implementation of ModelValidatorProvider that uses FluentValidation.
            </summary>
        </member>
        <member name="M:FluentValidation.Mvc.FluentValidationModelValidatorProvider.Configure(System.Action{FluentValidation.Mvc.FluentValidationModelValidatorProvider})">
            <summary>
            Initializes the FluentValidationModelValidatorProvider using the default options and adds it in to the ModelValidatorProviders collection.
            </summary>
        </member>
        <member name="T:FluentValidation.Mvc.IValidatorInterceptor">
            <summary>
            Specifies an interceptor that can be used to provide hooks that will be called before and after MVC validation occurs.
            </summary>
        </member>
        <member name="M:FluentValidation.Mvc.IValidatorInterceptor.BeforeMvcValidation(System.Web.Mvc.ControllerContext,FluentValidation.ValidationContext)">
            <summary>
            Invoked before MVC validation takes place which allows the ValidationContext to be customized prior to validation.
            It should return a ValidationContext object.
            </summary>
            <param name="controllerContext">Controller Context</param>
            <param name="validationContext">Validation Context</param>
            <returns>Validation Context</returns>
        </member>
        <member name="M:FluentValidation.Mvc.IValidatorInterceptor.AfterMvcValidation(System.Web.Mvc.ControllerContext,FluentValidation.ValidationContext,FluentValidation.Results.ValidationResult)">
            <summary>
            Invoked after MVC validation takes place which allows the result to be customized.
            It should return a ValidationResult.
            </summary>
            <param name="controllerContext">Controller Context</param>
            <param name="validationContext">Validation Context</param>
            <param name="result">The result of validation.</param>
            <returns>Validation Context</returns>
        </member>
        <member name="T:FluentValidation.Mvc.RuleSetForClientSideMessagesAttribute">
            <summary>
            Specifies which ruleset should be used when deciding which validators should be used to generate client-side messages.
            </summary>
        </member>
        <member name="M:FluentValidation.Mvc.ValidationResultExtension.AddToModelState(FluentValidation.Results.ValidationResult,System.Web.Mvc.ModelStateDictionary,System.String)">
            <summary>
            Stores the errors in a ValidationResult object to the specified modelstate dictionary.
            </summary>
            <param name="result">The validation result to store</param>
            <param name="modelState">The ModelStateDictionary to store the errors in.</param>
            <param name="prefix">An optional prefix. If ommitted, the property names will be the keys. If specified, the prefix will be concatenatd to the property name with a period. Eg "user.Name"</param>
        </member>
    </members>
</doc>
